interaction_id,user_id,content_id,event,score,completion_rate,quiz_score,timestamp
I00001,U0230,C002,completed,0.693,1.0,0.55,2025-09-01T00:00:00
I00002,U0168,C030,viewed,0.152,0.064,,2025-09-01T02:00:00
I00003,U0032,C018,viewed,0.289,0.026,,2025-09-01T04:00:00
I00004,U0014,C016,completed,0.919,1.0,0.879,2025-09-01T06:00:00
I00005,U0022,C042,completed,0.499,1.0,,2025-09-01T08:00:00
I00006,U0138,C047,viewed,0.118,0.082,,2025-09-01T10:00:00
I00007,U0044,C029,quiz_passed,0.422,0.0,0.667,2025-09-01T12:00:00
I00008,U0048,C035,viewed,0.203,0.058,,2025-09-01T14:00:00
I00009,U0041,C017,completed,0.519,1.0,,2025-09-01T16:00:00
I00010,U0129,C049,disliked,0.144,0.0,,2025-09-01T18:00:00
I00011,U0238,C054,completed,0.478,1.0,,2025-09-01T20:00:00
I00012,U0180,C035,quiz_passed,0.847,1.0,0.817,2025-09-01T22:00:00
I00013,U0129,C026,completed,0.713,1.0,0.418,2025-09-02T00:00:00
I00014,U0152,C050,quiz_passed,0.805,1.0,0.857,2025-09-02T02:00:00
I00015,U0002,C001,quiz_passed,0.816,1.0,0.673,2025-09-02T04:00:00
I00016,U0022,C043,quiz_passed,0.86,1.0,0.796,2025-09-02T06:00:00
I00017,U0120,C051,viewed,0.281,0.32,,2025-09-02T08:00:00
I00018,U0060,C028,quiz_passed,0.782,1.0,0.748,2025-09-02T10:00:00
I00019,U0047,C057,quiz_passed,0.83,1.0,0.625,2025-09-02T12:00:00
I00020,U0132,C051,completed,0.722,1.0,0.596,2025-09-02T14:00:00
I00021,U0192,C017,quiz_passed,0.747,1.0,0.604,2025-09-02T16:00:00
I00022,U0113,C015,completed,0.479,1.0,,2025-09-02T18:00:00
I00023,U0214,C015,viewed,0.322,0.54,,2025-09-02T20:00:00
I00024,U0113,C013,quiz_passed,0.787,1.0,0.669,2025-09-02T22:00:00
I00025,U0082,C030,completed,0.485,1.0,,2025-09-03T00:00:00
I00026,U0123,C058,completed,0.571,1.0,,2025-09-03T02:00:00
I00027,U0025,C028,completed,0.462,1.0,,2025-09-03T04:00:00
I00028,U0207,C042,viewed,0.509,0.37,0.478,2025-09-03T06:00:00
I00029,U0062,C051,completed,0.766,1.0,0.59,2025-09-03T08:00:00
I00030,U0153,C042,viewed,0.294,0.31,,2025-09-03T10:00:00
I00031,U0113,C005,viewed,0.171,0.076,,2025-09-03T12:00:00
I00032,U0002,C044,viewed,0.373,0.3,0.236,2025-09-03T14:00:00
I00033,U0085,C018,completed,0.575,1.0,,2025-09-03T16:00:00
I00034,U0202,C001,quiz_passed,0.798,1.0,0.787,2025-09-03T18:00:00
I00035,U0128,C054,quiz_passed,0.751,1.0,0.69,2025-09-03T20:00:00
I00036,U0041,C042,completed,0.534,1.0,,2025-09-03T22:00:00
I00037,U0207,C057,quiz_passed,0.802,1.0,0.774,2025-09-04T00:00:00
I00038,U0113,C005,viewed,0.398,0.6,,2025-09-04T02:00:00
I00039,U0078,C029,viewed,0.199,0.095,,2025-09-04T04:00:00
I00040,U0062,C013,completed,0.557,1.0,,2025-09-04T06:00:00
I00041,U0183,C050,quiz_passed,0.829,1.0,0.829,2025-09-04T08:00:00
I00042,U0002,C045,disliked,0.234,0.09,0.274,2025-09-04T10:00:00
I00043,U0230,C046,viewed,0.266,0.074,,2025-09-04T12:00:00
I00044,U0062,C005,viewed,0.315,0.49,,2025-09-04T14:00:00
I00045,U0128,C053,quiz_passed,0.836,1.0,0.649,2025-09-04T16:00:00
I00046,U0023,C002,completed,0.56,1.0,,2025-09-04T18:00:00
I00047,U0131,C029,quiz_passed,0.892,1.0,0.792,2025-09-04T20:00:00
I00048,U0046,C053,quiz_passed,0.739,1.0,0.601,2025-09-04T22:00:00
I00049,U0183,C010,viewed,0.203,0.046,,2025-09-05T00:00:00
I00050,U0176,C028,viewed,0.138,0.048,,2025-09-05T02:00:00
I00051,U0024,C008,completed,0.575,1.0,,2025-09-05T04:00:00
I00052,U0118,C017,quiz_passed,0.823,1.0,0.689,2025-09-05T06:00:00
I00053,U0059,C048,completed,0.485,1.0,,2025-09-05T08:00:00
I00054,U0210,C025,viewed,0.375,0.22,0.5,2025-09-05T10:00:00
I00055,U0064,C030,completed,0.696,1.0,0.571,2025-09-05T12:00:00
I00056,U0195,C009,completed,0.494,1.0,,2025-09-05T14:00:00
I00057,U0129,C049,completed,0.781,1.0,0.557,2025-09-05T16:00:00
I00058,U0148,C018,quiz_passed,0.82,1.0,0.804,2025-09-05T18:00:00
I00059,U0223,C053,disliked,0.118,0.12,,2025-09-05T20:00:00
I00060,U0157,C018,viewed,0.18,0.094,,2025-09-05T22:00:00
I00061,U0224,C001,completed,0.56,1.0,,2025-09-06T00:00:00
I00062,U0041,C003,quiz_passed,0.875,1.0,0.834,2025-09-06T02:00:00
I00063,U0222,C043,viewed,0.215,0.023,,2025-09-06T04:00:00
I00064,U0159,C016,completed,0.785,1.0,0.644,2025-09-06T06:00:00
I00065,U0093,C042,completed,0.577,1.0,,2025-09-06T08:00:00
I00066,U0240,C017,disliked,0.336,0.09,0.495,2025-09-06T10:00:00
I00067,U0193,C009,quiz_passed,0.825,1.0,0.645,2025-09-06T12:00:00
I00068,U0150,C015,quiz_passed,0.802,1.0,0.636,2025-09-06T14:00:00
I00069,U0013,C018,viewed,0.453,0.37,0.451,2025-09-06T16:00:00
I00070,U0163,C053,viewed,0.206,0.084,,2025-09-06T18:00:00
I00071,U0246,C003,viewed,0.434,0.51,0.346,2025-09-06T20:00:00
I00072,U0062,C045,completed,0.648,1.0,0.436,2025-09-06T22:00:00
I00073,U0134,C018,completed,0.732,1.0,0.588,2025-09-07T00:00:00
I00074,U0140,C016,quiz_passed,0.726,1.0,0.626,2025-09-07T02:00:00
I00075,U0246,C057,completed,0.818,1.0,0.605,2025-09-07T04:00:00
I00076,U0111,C049,disliked,0.198,0.09,,2025-09-07T06:00:00
I00077,U0149,C025,quiz_passed,0.87,1.0,0.744,2025-09-07T08:00:00
I00078,U0165,C054,viewed,0.277,0.49,,2025-09-07T10:00:00
I00079,U0017,C030,quiz_passed,0.9,1.0,0.823,2025-09-07T12:00:00
I00080,U0076,C043,quiz_passed,0.834,1.0,0.787,2025-09-07T14:00:00
I00081,U0218,C054,completed,0.526,1.0,,2025-09-07T16:00:00
I00082,U0192,C029,quiz_passed,0.834,1.0,0.64,2025-09-07T18:00:00
I00083,U0205,C009,completed,0.477,1.0,,2025-09-07T20:00:00
I00084,U0120,C010,completed,0.513,1.0,,2025-09-07T22:00:00
I00085,U0109,C008,viewed,0.127,0.016,,2025-09-08T00:00:00
I00086,U0115,C017,viewed,0.259,0.071,,2025-09-08T02:00:00
I00087,U0111,C033,completed,0.573,1.0,,2025-09-08T04:00:00
I00088,U0138,C043,quiz_passed,0.758,1.0,0.623,2025-09-08T06:00:00
I00089,U0206,C035,viewed,0.424,0.66,,2025-09-08T08:00:00
I00090,U0159,C005,viewed,0.198,0.31,,2025-09-08T10:00:00
I00091,U0075,C054,completed,0.506,1.0,,2025-09-08T12:00:00
I00092,U0146,C017,completed,0.865,1.0,0.809,2025-09-08T14:00:00
I00093,U0106,C058,completed,0.543,1.0,,2025-09-08T16:00:00
I00094,U0199,C028,viewed,0.248,0.034,,2025-09-08T18:00:00
I00095,U0183,C013,disliked,0.346,0.09,0.501,2025-09-08T20:00:00
I00096,U0129,C001,completed,0.808,1.0,0.633,2025-09-08T22:00:00
I00097,U0215,C008,completed,0.549,1.0,,2025-09-09T00:00:00
I00098,U0029,C028,viewed,0.182,0.067,,2025-09-09T02:00:00
I00099,U0206,C041,completed,0.683,1.0,0.533,2025-09-09T04:00:00
I00100,U0087,C057,quiz_passed,0.842,1.0,0.848,2025-09-09T06:00:00
I00101,U0206,C004,disliked,0.197,0.15,,2025-09-09T08:00:00
I00102,U0236,C029,disliked,0.11,0.07,,2025-09-09T10:00:00
I00103,U0207,C042,completed,0.46,1.0,,2025-09-09T12:00:00
I00104,U0218,C001,completed,0.469,1.0,,2025-09-09T14:00:00
I00105,U0140,C045,viewed,0.416,0.59,0.208,2025-09-09T16:00:00
I00106,U0196,C017,quiz_passed,0.819,1.0,0.691,2025-09-09T18:00:00
I00107,U0138,C010,viewed,0.442,0.38,0.302,2025-09-09T20:00:00
I00108,U0177,C054,quiz_passed,0.817,1.0,0.678,2025-09-09T22:00:00
I00109,U0219,C008,completed,0.504,1.0,,2025-09-10T00:00:00
I00110,U0062,C044,completed,0.699,1.0,0.456,2025-09-10T02:00:00
I00111,U0125,C006,completed,0.569,1.0,,2025-09-10T04:00:00
I00112,U0110,C030,completed,0.701,1.0,0.585,2025-09-10T06:00:00
I00113,U0131,C015,viewed,0.574,0.65,0.506,2025-09-10T08:00:00
I00114,U0015,C015,completed,0.853,1.0,0.748,2025-09-10T10:00:00
I00115,U0034,C003,completed,0.782,1.0,0.662,2025-09-10T12:00:00
I00116,U0066,C009,viewed,0.479,0.45,0.404,2025-09-10T14:00:00
I00117,U0218,C005,viewed,0.268,0.03,,2025-09-10T16:00:00
I00118,U0131,C044,completed,0.74,1.0,0.618,2025-09-10T18:00:00
I00119,U0250,C054,quiz_passed,0.881,1.0,0.804,2025-09-10T20:00:00
I00120,U0001,C008,quiz_passed,0.735,1.0,0.652,2025-09-10T22:00:00
I00121,U0246,C029,quiz_passed,0.75,1.0,0.675,2025-09-11T00:00:00
I00122,U0150,C058,completed,0.492,1.0,,2025-09-11T02:00:00
I00123,U0242,C051,completed,0.715,1.0,0.552,2025-09-11T04:00:00
I00124,U0248,C009,viewed,0.517,0.56,0.548,2025-09-11T06:00:00
I00125,U0063,C035,viewed,0.57,0.67,0.335,2025-09-11T08:00:00
I00126,U0147,C028,quiz_passed,0.763,1.0,0.735,2025-09-11T10:00:00
I00127,U0190,C002,quiz_passed,0.821,1.0,0.691,2025-09-11T12:00:00
I00128,U0131,C013,quiz_passed,0.748,1.0,0.616,2025-09-11T14:00:00
I00129,U0195,C029,quiz_passed,0.882,1.0,0.866,2025-09-11T16:00:00
I00130,U0075,C058,completed,0.849,1.0,0.779,2025-09-11T18:00:00
I00131,U0042,C058,disliked,0.295,0.03,0.435,2025-09-11T20:00:00
I00132,U0206,C041,viewed,0.374,0.4,0.211,2025-09-11T22:00:00
I00133,U0057,C030,viewed,0.276,0.26,,2025-09-12T00:00:00
I00134,U0159,C005,completed,0.569,1.0,,2025-09-12T02:00:00
I00135,U0120,C005,viewed,0.278,0.31,0.206,2025-09-12T04:00:00
I00136,U0247,C053,quiz_passed,0.805,1.0,0.703,2025-09-12T06:00:00
I00137,U0214,C029,completed,0.729,1.0,0.599,2025-09-12T08:00:00
I00138,U0249,C043,viewed,0.384,0.63,,2025-09-12T10:00:00
I00139,U0074,C054,completed,0.473,1.0,,2025-09-12T12:00:00
I00140,U0209,C042,completed,0.774,1.0,0.689,2025-09-12T14:00:00
I00141,U0051,C030,completed,0.529,1.0,,2025-09-12T16:00:00
I00142,U0162,C030,quiz_passed,0.806,1.0,0.724,2025-09-12T18:00:00
I00143,U0024,C054,quiz_passed,0.769,1.0,0.72,2025-09-12T20:00:00
I00144,U0155,C009,completed,0.545,1.0,,2025-09-12T22:00:00
I00145,U0070,C058,quiz_passed,0.524,0.31,0.611,2025-09-13T00:00:00
I00146,U0168,C050,quiz_passed,0.837,1.0,0.77,2025-09-13T02:00:00
I00147,U0206,C014,completed,0.463,1.0,,2025-09-13T04:00:00
I00148,U0083,C057,viewed,0.233,0.24,,2025-09-13T06:00:00
I00149,U0123,C006,disliked,0.319,0.18,0.359,2025-09-13T08:00:00
I00150,U0022,C005,completed,0.703,1.0,0.575,2025-09-13T10:00:00
I00151,U0051,C048,viewed,0.14,0.012,,2025-09-13T12:00:00
I00152,U0220,C029,completed,0.568,1.0,,2025-09-13T14:00:00
I00153,U0043,C009,completed,0.569,1.0,,2025-09-13T16:00:00
I00154,U0131,C013,viewed,0.212,0.014,,2025-09-13T18:00:00
I00155,U0045,C051,quiz_passed,0.903,1.0,0.867,2025-09-13T20:00:00
I00156,U0107,C051,completed,0.571,1.0,,2025-09-13T22:00:00
I00157,U0158,C009,viewed,0.399,0.55,,2025-09-14T00:00:00
I00158,U0242,C045,viewed,0.32,0.53,,2025-09-14T02:00:00
I00159,U0211,C042,viewed,0.132,0.068,,2025-09-14T04:00:00
I00160,U0246,C010,viewed,0.273,0.27,0.255,2025-09-14T06:00:00
I00161,U0053,C030,completed,0.503,1.0,,2025-09-14T08:00:00
I00162,U0244,C049,viewed,0.233,0.017,,2025-09-14T10:00:00
I00163,U0049,C048,quiz_passed,0.773,1.0,0.76,2025-09-14T12:00:00
I00164,U0132,C045,viewed,0.147,0.011,,2025-09-14T14:00:00
I00165,U0132,C013,viewed,0.104,0.003,,2025-09-14T16:00:00
I00166,U0014,C029,completed,0.831,1.0,0.85,2025-09-14T18:00:00
I00167,U0037,C009,quiz_passed,0.811,1.0,0.71,2025-09-14T20:00:00
I00168,U0111,C016,quiz_passed,0.758,1.0,0.718,2025-09-14T22:00:00
I00169,U0062,C005,viewed,0.154,0.017,,2025-09-15T00:00:00
I00170,U0213,C025,quiz_passed,0.797,1.0,0.713,2025-09-15T02:00:00
I00171,U0093,C029,viewed,0.205,0.067,,2025-09-15T04:00:00
I00172,U0248,C017,completed,0.519,1.0,,2025-09-15T06:00:00
I00173,U0131,C010,viewed,0.538,0.69,0.448,2025-09-15T08:00:00
I00174,U0201,C001,completed,0.485,1.0,,2025-09-15T10:00:00
I00175,U0014,C046,viewed,0.546,0.59,0.384,2025-09-15T12:00:00
I00176,U0139,C009,completed,0.552,1.0,,2025-09-15T14:00:00
I00177,U0169,C042,quiz_passed,0.841,1.0,0.863,2025-09-15T16:00:00
I00178,U0052,C043,viewed,0.428,0.47,0.412,2025-09-15T18:00:00
I00179,U0219,C025,quiz_passed,0.849,1.0,0.796,2025-09-15T20:00:00
I00180,U0025,C011,completed,0.552,1.0,,2025-09-15T22:00:00
I00181,U0205,C051,quiz_passed,0.786,1.0,0.768,2025-09-16T00:00:00
I00182,U0180,C014,quiz_passed,0.888,1.0,0.784,2025-09-16T02:00:00
I00183,U0045,C046,disliked,0.342,0.11,0.351,2025-09-16T04:00:00
I00184,U0063,C037,completed,0.554,1.0,,2025-09-16T06:00:00
I00185,U0150,C045,completed,0.753,1.0,0.534,2025-09-16T08:00:00
I00186,U0144,C011,quiz_passed,0.881,1.0,0.789,2025-09-16T10:00:00
I00187,U0230,C010,completed,0.506,1.0,,2025-09-16T12:00:00
I00188,U0052,C018,completed,0.53,1.0,,2025-09-16T14:00:00
I00189,U0205,C044,quiz_passed,0.735,1.0,0.666,2025-09-16T16:00:00
I00190,U0158,C011,quiz_passed,0.837,1.0,0.783,2025-09-16T18:00:00
I00191,U0152,C010,quiz_passed,0.826,1.0,0.744,2025-09-16T20:00:00
I00192,U0042,C019,viewed,0.257,0.066,,2025-09-16T22:00:00
I00193,U0218,C013,quiz_passed,0.82,1.0,0.749,2025-09-17T00:00:00
I00194,U0083,C002,viewed,0.141,0.034,,2025-09-17T02:00:00
I00195,U0004,C001,completed,0.56,1.0,,2025-09-17T04:00:00
I00196,U0205,C046,viewed,0.514,0.68,0.264,2025-09-17T06:00:00
I00197,U0014,C010,quiz_passed,0.797,1.0,0.795,2025-09-17T08:00:00
I00198,U0035,C017,viewed,0.454,0.32,0.414,2025-09-17T10:00:00
I00199,U0031,C011,disliked,0.418,0.04,0.586,2025-09-17T12:00:00
I00200,U0214,C013,viewed,0.429,0.59,0.257,2025-09-17T14:00:00
I00201,U0063,C004,viewed,0.319,0.21,0.207,2025-09-17T16:00:00
I00202,U0120,C057,quiz_passed,0.82,1.0,0.674,2025-09-17T18:00:00
I00203,U0024,C050,completed,0.474,1.0,,2025-09-17T20:00:00
I00204,U0102,C018,completed,0.812,1.0,0.616,2025-09-17T22:00:00
I00205,U0132,C013,viewed,0.548,0.63,0.301,2025-09-18T00:00:00
I00206,U0036,C009,completed,0.834,1.0,0.689,2025-09-18T02:00:00
I00207,U0096,C058,viewed,0.275,0.51,,2025-09-18T04:00:00
I00208,U0047,C009,quiz_passed,0.773,1.0,0.665,2025-09-18T06:00:00
I00209,U0195,C042,completed,0.57,1.0,,2025-09-18T08:00:00
I00210,U0138,C044,completed,0.776,1.0,0.494,2025-09-18T10:00:00
I00211,U0106,C020,completed,0.765,1.0,0.52,2025-09-18T12:00:00
I00212,U0078,C058,completed,0.511,1.0,,2025-09-18T14:00:00
I00213,U0045,C013,quiz_passed,0.792,1.0,0.796,2025-09-18T16:00:00
I00214,U0078,C019,completed,0.707,1.0,0.556,2025-09-18T18:00:00
I00215,U0086,C006,completed,0.822,1.0,0.731,2025-09-18T20:00:00
I00216,U0038,C050,quiz_passed,0.822,1.0,0.778,2025-09-18T22:00:00
I00217,U0152,C010,viewed,0.56,0.66,0.493,2025-09-19T00:00:00
I00218,U0015,C015,quiz_passed,0.801,1.0,0.782,2025-09-19T02:00:00
I00219,U0205,C057,completed,0.515,1.0,,2025-09-19T04:00:00
I00220,U0038,C002,completed,0.572,1.0,,2025-09-19T06:00:00
I00221,U0196,C048,completed,0.58,1.0,,2025-09-19T08:00:00
I00222,U0138,C013,disliked,0.281,0.19,0.283,2025-09-19T10:00:00
I00223,U0132,C045,viewed,0.366,0.54,,2025-09-19T12:00:00
I00224,U0048,C003,completed,0.808,1.0,0.622,2025-09-19T14:00:00
I00225,U0168,C010,disliked,0.103,0.05,,2025-09-19T16:00:00
I00226,U0126,C043,disliked,0.441,0.18,0.577,2025-09-19T18:00:00
I00227,U0092,C057,completed,0.537,1.0,,2025-09-19T20:00:00
I00228,U0224,C010,completed,0.51,1.0,,2025-09-19T22:00:00
I00229,U0149,C030,quiz_passed,0.796,1.0,0.786,2025-09-20T00:00:00
I00230,U0178,C011,viewed,0.484,0.2,0.587,2025-09-20T02:00:00
I00231,U0138,C003,viewed,0.184,0.31,,2025-09-20T04:00:00
I00232,U0041,C045,viewed,0.316,0.57,,2025-09-20T06:00:00
I00233,U0246,C046,viewed,0.243,0.049,,2025-09-20T08:00:00
I00234,U0218,C043,completed,0.538,1.0,,2025-09-20T10:00:00
I00235,U0048,C045,viewed,0.263,0.049,,2025-09-20T12:00:00
I00236,U0045,C015,quiz_passed,0.853,1.0,0.803,2025-09-20T14:00:00
I00237,U0029,C018,completed,0.828,1.0,0.662,2025-09-20T16:00:00
I00238,U0119,C043,quiz_passed,0.812,1.0,0.802,2025-09-20T18:00:00
I00239,U0015,C013,quiz_passed,0.81,1.0,0.67,2025-09-20T20:00:00
I00240,U0212,C051,completed,0.546,1.0,,2025-09-20T22:00:00
I00241,U0194,C001,completed,0.812,1.0,0.585,2025-09-21T00:00:00
I00242,U0031,C035,viewed,0.459,0.33,0.51,2025-09-21T02:00:00
I00243,U0049,C001,viewed,0.125,0.076,,2025-09-21T04:00:00
I00244,U0015,C005,disliked,0.168,0.02,,2025-09-21T06:00:00
I00245,U0192,C030,viewed,0.103,0.063,,2025-09-21T08:00:00
I00246,U0160,C051,viewed,0.56,0.5,0.52,2025-09-21T10:00:00
I00247,U0222,C043,quiz_passed,0.866,1.0,0.779,2025-09-21T12:00:00
I00248,U0135,C029,disliked,0.304,0.06,0.433,2025-09-21T14:00:00
I00249,U0225,C058,completed,0.533,1.0,,2025-09-21T16:00:00
I00250,U0129,C044,completed,0.733,1.0,0.547,2025-09-21T18:00:00
I00251,U0240,C015,quiz_passed,0.768,1.0,0.74,2025-09-21T20:00:00
I00252,U0080,C043,completed,0.864,1.0,0.763,2025-09-21T22:00:00
I00253,U0229,C008,completed,0.541,1.0,,2025-09-22T00:00:00
I00254,U0161,C048,completed,0.569,1.0,,2025-09-22T02:00:00
I00255,U0168,C046,completed,0.69,1.0,0.405,2025-09-22T04:00:00
I00256,U0154,C054,viewed,0.148,0.059,,2025-09-22T06:00:00
I00257,U0111,C044,completed,0.579,1.0,,2025-09-22T08:00:00
I00258,U0112,C057,completed,0.742,1.0,0.556,2025-09-22T10:00:00
I00259,U0168,C044,viewed,0.16,0.049,,2025-09-22T12:00:00
I00260,U0020,C003,quiz_passed,0.846,1.0,0.827,2025-09-22T14:00:00
I00261,U0161,C043,quiz_passed,0.85,1.0,0.73,2025-09-22T16:00:00
I00262,U0107,C045,completed,0.787,1.0,0.676,2025-09-22T18:00:00
I00263,U0229,C035,viewed,0.282,0.013,,2025-09-22T20:00:00
I00264,U0002,C010,viewed,0.245,0.023,,2025-09-22T22:00:00
I00265,U0224,C046,completed,0.711,1.0,0.487,2025-09-23T00:00:00
I00266,U0037,C011,viewed,0.332,0.66,,2025-09-23T02:00:00
I00267,U0100,C016,disliked,0.207,0.1,,2025-09-23T04:00:00
I00268,U0116,C009,disliked,0.113,0.13,,2025-09-23T06:00:00
I00269,U0157,C035,disliked,0.303,0.16,0.432,2025-09-23T08:00:00
I00270,U0023,C049,quiz_passed,0.834,1.0,0.774,2025-09-23T10:00:00
I00271,U0026,C035,quiz_passed,0.775,1.0,0.771,2025-09-23T12:00:00
I00272,U0002,C013,viewed,0.102,0.001,,2025-09-23T14:00:00
I00273,U0222,C010,viewed,0.476,0.58,0.334,2025-09-23T16:00:00
I00274,U0130,C042,completed,0.816,1.0,0.776,2025-09-23T18:00:00
I00275,U0023,C046,viewed,0.123,0.052,,2025-09-23T20:00:00
I00276,U0225,C006,viewed,0.414,0.63,,2025-09-23T22:00:00
I00277,U0041,C044,completed,0.492,1.0,,2025-09-24T00:00:00
I00278,U0214,C058,quiz_passed,0.809,1.0,0.61,2025-09-24T02:00:00
I00279,U0176,C016,completed,0.524,1.0,,2025-09-24T04:00:00
I00280,U0052,C010,completed,0.763,1.0,0.47,2025-09-24T06:00:00
I00281,U0020,C044,viewed,0.173,0.047,,2025-09-24T08:00:00
I00282,U0250,C001,completed,0.921,1.0,0.863,2025-09-24T10:00:00
I00283,U0212,C057,completed,0.555,1.0,,2025-09-24T12:00:00
I00284,U0143,C009,quiz_passed,0.752,1.0,0.715,2025-09-24T14:00:00
I00285,U0038,C045,completed,0.738,1.0,0.682,2025-09-24T16:00:00
I00286,U0167,C043,viewed,0.389,0.3,0.366,2025-09-24T18:00:00
I00287,U0072,C002,completed,0.465,1.0,,2025-09-24T20:00:00
I00288,U0174,C058,viewed,0.16,0.043,,2025-09-24T22:00:00
I00289,U0072,C046,completed,0.729,1.0,0.488,2025-09-25T00:00:00
I00290,U0250,C029,completed,0.55,1.0,,2025-09-25T02:00:00
I00291,U0060,C058,quiz_passed,0.865,1.0,0.77,2025-09-25T04:00:00
I00292,U0173,C035,completed,0.829,1.0,0.811,2025-09-25T06:00:00
I00293,U0164,C003,quiz_passed,0.819,1.0,0.835,2025-09-25T08:00:00
I00294,U0176,C045,completed,0.733,1.0,0.426,2025-09-25T10:00:00
I00295,U0038,C046,viewed,0.407,0.4,0.294,2025-09-25T12:00:00
I00296,U0071,C002,completed,0.758,1.0,0.598,2025-09-25T14:00:00
I00297,U0060,C019,viewed,0.443,0.35,0.325,2025-09-25T16:00:00
I00298,U0246,C044,viewed,0.143,0.095,,2025-09-25T18:00:00
I00299,U0022,C011,quiz_passed,0.796,1.0,0.695,2025-09-25T20:00:00
I00300,U0022,C051,quiz_passed,0.821,1.0,0.735,2025-09-25T22:00:00
I00301,U0111,C046,disliked,0.248,0.17,0.262,2025-09-26T00:00:00
I00302,U0010,C047,quiz_passed,0.87,1.0,0.74,2025-09-26T02:00:00
I00303,U0140,C044,viewed,0.515,0.62,0.293,2025-09-26T04:00:00
I00304,U0214,C010,completed,0.742,1.0,0.482,2025-09-26T06:00:00
I00305,U0083,C006,completed,0.782,1.0,0.779,2025-09-26T08:00:00
I00306,U0131,C013,completed,0.504,1.0,,2025-09-26T10:00:00
I00307,U0226,C001,completed,0.474,1.0,,2025-09-26T12:00:00
I00308,U0133,C035,quiz_passed,0.773,1.0,0.744,2025-09-26T14:00:00
I00309,U0068,C051,disliked,0.337,0.18,0.455,2025-09-26T16:00:00
I00310,U0159,C044,completed,0.663,1.0,0.424,2025-09-26T18:00:00
I00311,U0020,C045,viewed,0.358,0.21,0.516,2025-09-26T20:00:00
I00312,U0074,C016,quiz_passed,0.756,1.0,0.61,2025-09-26T22:00:00
I00313,U0214,C045,completed,0.487,1.0,,2025-09-27T00:00:00
I00314,U0222,C018,quiz_passed,0.792,1.0,0.794,2025-09-27T02:00:00
I00315,U0171,C008,completed,0.529,1.0,,2025-09-27T04:00:00
I00316,U0100,C045,completed,0.723,1.0,0.463,2025-09-27T06:00:00
I00317,U0226,C010,viewed,0.245,0.051,,2025-09-27T08:00:00
I00318,U0218,C006,completed,0.875,1.0,0.866,2025-09-27T10:00:00
I00319,U0246,C028,completed,0.782,1.0,0.615,2025-09-27T12:00:00
I00320,U0153,C035,quiz_passed,0.805,1.0,0.664,2025-09-27T14:00:00
I00321,U0133,C004,completed,0.757,1.0,0.596,2025-09-27T16:00:00
I00322,U0076,C030,quiz_passed,0.893,1.0,0.795,2025-09-27T18:00:00
I00323,U0097,C042,quiz_passed,0.863,1.0,0.868,2025-09-27T20:00:00
I00324,U0074,C013,completed,0.763,1.0,0.521,2025-09-27T22:00:00
I00325,U0140,C017,completed,0.745,1.0,0.653,2025-09-28T00:00:00
I00326,U0072,C051,quiz_passed,0.801,1.0,0.775,2025-09-28T02:00:00
I00327,U0196,C043,completed,0.461,1.0,,2025-09-28T04:00:00
I00328,U0215,C057,completed,0.522,1.0,,2025-09-28T06:00:00
I00329,U0246,C046,viewed,0.156,0.072,,2025-09-28T08:00:00
I00330,U0028,C028,completed,0.81,1.0,0.803,2025-09-28T10:00:00
I00331,U0160,C010,viewed,0.431,0.33,0.385,2025-09-28T12:00:00
I00332,U0093,C035,quiz_passed,0.875,1.0,0.859,2025-09-28T14:00:00
I00333,U0192,C028,completed,0.572,1.0,,2025-09-28T16:00:00
I00334,U0150,C013,viewed,0.422,0.57,0.2,2025-09-28T18:00:00
I00335,U0167,C013,viewed,0.341,0.46,0.213,2025-09-28T20:00:00
I00336,U0015,C045,disliked,0.325,0.02,0.43,2025-09-28T22:00:00
I00337,U0075,C019,completed,0.481,1.0,,2025-09-29T00:00:00
I00338,U0107,C044,completed,0.755,1.0,0.553,2025-09-29T02:00:00
I00339,U0150,C045,completed,0.691,1.0,0.447,2025-09-29T04:00:00
I00340,U0094,C030,viewed,0.296,0.042,,2025-09-29T06:00:00
I00341,U0165,C008,completed,0.737,1.0,0.679,2025-09-29T08:00:00
I00342,U0221,C003,quiz_passed,0.823,1.0,0.879,2025-09-29T10:00:00
I00343,U0180,C048,completed,0.484,1.0,,2025-09-29T12:00:00
I00344,U0184,C029,quiz_passed,0.84,1.0,0.87,2025-09-29T14:00:00
I00345,U0002,C010,disliked,0.076,0.02,,2025-09-29T16:00:00
I00346,U0229,C057,viewed,0.245,0.072,,2025-09-29T18:00:00
I00347,U0193,C030,viewed,0.457,0.5,0.339,2025-09-29T20:00:00
I00348,U0062,C005,viewed,0.346,0.21,0.27,2025-09-29T22:00:00
I00349,U0127,C047,viewed,0.156,0.0,,2025-09-30T00:00:00
I00350,U0093,C037,viewed,0.131,0.02,,2025-09-30T02:00:00
I00351,U0171,C002,completed,0.476,1.0,,2025-09-30T04:00:00
I00352,U0173,C037,viewed,0.223,0.041,,2025-09-30T06:00:00
I00353,U0153,C014,viewed,0.182,0.057,,2025-09-30T08:00:00
I00354,U0213,C008,quiz_passed,0.877,1.0,0.782,2025-09-30T10:00:00
I00355,U0131,C045,viewed,0.26,0.21,,2025-09-30T12:00:00
I00356,U0167,C044,completed,0.489,1.0,,2025-09-30T14:00:00
I00357,U0163,C050,viewed,0.362,0.67,,2025-09-30T16:00:00
I00358,U0030,C053,completed,0.506,1.0,,2025-09-30T18:00:00
I00359,U0194,C001,viewed,0.295,0.032,,2025-09-30T20:00:00
I00360,U0221,C045,completed,0.58,1.0,,2025-09-30T22:00:00
I00361,U0020,C046,viewed,0.472,0.3,0.448,2025-10-01T00:00:00
I00362,U0176,C005,viewed,0.262,0.063,,2025-10-01T02:00:00
I00363,U0140,C005,completed,0.68,1.0,0.545,2025-10-01T04:00:00
I00364,U0103,C058,completed,0.566,1.0,,2025-10-01T06:00:00
I00365,U0176,C010,viewed,0.3,0.066,,2025-10-01T08:00:00
I00366,U0217,C057,quiz_passed,0.733,1.0,0.644,2025-10-01T10:00:00
I00367,U0140,C010,disliked,0.293,0.1,0.253,2025-10-01T12:00:00
I00368,U0078,C020,completed,0.75,1.0,0.45,2025-10-01T14:00:00
I00369,U0204,C016,quiz_passed,0.409,0.02,0.693,2025-10-01T16:00:00
I00370,U0216,C006,completed,0.552,1.0,,2025-10-01T18:00:00
I00371,U0233,C051,completed,0.81,1.0,0.655,2025-10-01T20:00:00
I00372,U0197,C018,viewed,0.117,0.074,,2025-10-01T22:00:00
I00373,U0151,C051,completed,0.793,1.0,0.778,2025-10-02T00:00:00
I00374,U0046,C025,completed,0.767,1.0,0.555,2025-10-02T02:00:00
I00375,U0040,C003,disliked,0.434,0.14,0.571,2025-10-02T04:00:00
I00376,U0206,C002,quiz_passed,0.788,1.0,0.601,2025-10-02T06:00:00
I00377,U0183,C044,disliked,0.408,0.18,0.557,2025-10-02T08:00:00
I00378,U0014,C005,quiz_passed,0.775,1.0,0.737,2025-10-02T10:00:00
I00379,U0176,C010,viewed,0.165,0.004,,2025-10-02T12:00:00
I00380,U0164,C046,completed,0.553,1.0,,2025-10-02T14:00:00
I00381,U0119,C049,completed,0.855,1.0,0.809,2025-10-02T16:00:00
I00382,U0232,C050,completed,0.811,1.0,0.74,2025-10-02T18:00:00
I00383,U0210,C043,quiz_passed,0.852,1.0,0.791,2025-10-02T20:00:00
I00384,U0168,C045,viewed,0.475,0.53,0.404,2025-10-02T22:00:00
I00385,U0249,C028,quiz_passed,0.828,1.0,0.727,2025-10-03T00:00:00
I00386,U0045,C035,quiz_passed,0.885,1.0,0.874,2025-10-03T02:00:00
I00387,U0079,C053,viewed,0.408,0.23,0.553,2025-10-03T04:00:00
I00388,U0230,C046,viewed,0.153,0.016,,2025-10-03T06:00:00
I00389,U0133,C041,disliked,0.33,0.07,0.381,2025-10-03T08:00:00
I00390,U0119,C045,quiz_passed,0.872,1.0,0.75,2025-10-03T10:00:00
I00391,U0213,C047,completed,0.488,1.0,,2025-10-03T12:00:00
I00392,U0169,C051,quiz_passed,0.819,1.0,0.804,2025-10-03T14:00:00
I00393,U0048,C013,disliked,0.227,0.17,0.199,2025-10-03T16:00:00
I00394,U0129,C044,viewed,0.223,0.038,,2025-10-03T18:00:00
I00395,U0107,C005,viewed,0.137,0.08,,2025-10-03T20:00:00
I00396,U0195,C043,quiz_passed,0.848,1.0,0.86,2025-10-03T22:00:00
I00397,U0111,C013,viewed,0.169,0.025,,2025-10-04T00:00:00
I00398,U0217,C043,viewed,0.252,0.38,,2025-10-04T02:00:00
I00399,U0044,C016,completed,0.564,1.0,,2025-10-04T04:00:00
I00400,U0045,C005,quiz_passed,0.848,1.0,0.758,2025-10-04T06:00:00
I00401,U0144,C028,viewed,0.431,0.25,0.538,2025-10-04T08:00:00
I00402,U0149,C002,quiz_passed,0.808,1.0,0.705,2025-10-04T10:00:00
I00403,U0152,C049,quiz_passed,0.832,1.0,0.813,2025-10-04T12:00:00
I00404,U0068,C043,quiz_passed,0.895,1.0,0.795,2025-10-04T14:00:00
I00405,U0090,C025,quiz_passed,0.847,1.0,0.783,2025-10-04T16:00:00
I00406,U0180,C055,completed,0.736,1.0,0.655,2025-10-04T18:00:00
I00407,U0087,C058,completed,0.854,1.0,0.844,2025-10-04T20:00:00
I00408,U0232,C001,completed,0.886,1.0,0.794,2025-10-04T22:00:00
I00409,U0140,C015,completed,0.747,1.0,0.616,2025-10-05T00:00:00
I00410,U0204,C010,quiz_passed,0.875,1.0,0.754,2025-10-05T02:00:00
I00411,U0107,C018,quiz_passed,0.79,1.0,0.714,2025-10-05T04:00:00
I00412,U0069,C048,viewed,0.12,0.027,,2025-10-05T06:00:00
I00413,U0228,C057,completed,0.467,1.0,,2025-10-05T08:00:00
I00414,U0129,C047,completed,0.541,1.0,,2025-10-05T10:00:00
I00415,U0150,C044,viewed,0.411,0.42,0.31,2025-10-05T12:00:00
I00416,U0250,C058,quiz_passed,0.826,1.0,0.839,2025-10-05T14:00:00
I00417,U0015,C005,completed,0.477,1.0,,2025-10-05T16:00:00
I00418,U0207,C042,quiz_passed,0.824,1.0,0.732,2025-10-05T18:00:00
I00419,U0086,C003,quiz_passed,0.757,1.0,0.72,2025-10-05T20:00:00
I00420,U0224,C045,quiz_passed,0.808,1.0,0.611,2025-10-05T22:00:00
I00421,U0171,C049,completed,0.862,1.0,0.764,2025-10-06T00:00:00
I00422,U0243,C017,completed,0.579,1.0,,2025-10-06T02:00:00
I00423,U0233,C043,completed,0.494,1.0,,2025-10-06T04:00:00
I00424,U0093,C051,quiz_passed,0.841,1.0,0.857,2025-10-06T06:00:00
I00425,U0132,C013,viewed,0.127,0.088,,2025-10-06T08:00:00
I00426,U0080,C015,quiz_passed,0.848,1.0,0.713,2025-10-06T10:00:00
I00427,U0029,C057,viewed,0.246,0.089,,2025-10-06T12:00:00
I00428,U0131,C015,completed,0.487,1.0,,2025-10-06T14:00:00
I00429,U0010,C053,quiz_passed,0.865,1.0,0.747,2025-10-06T16:00:00
I00430,U0052,C057,completed,0.755,1.0,0.635,2025-10-06T18:00:00
I00431,U0049,C058,completed,0.83,1.0,0.747,2025-10-06T20:00:00
I00432,U0101,C049,quiz_passed,0.846,1.0,0.83,2025-10-06T22:00:00
I00433,U0103,C028,quiz_passed,0.785,1.0,0.674,2025-10-07T00:00:00
I00434,U0057,C049,viewed,0.122,0.055,,2025-10-07T02:00:00
I00435,U0004,C044,completed,0.517,1.0,,2025-10-07T04:00:00
I00436,U0158,C029,viewed,0.145,0.072,,2025-10-07T06:00:00
I00437,U0247,C051,quiz_passed,0.787,1.0,0.698,2025-10-07T08:00:00
I00438,U0112,C030,completed,0.81,1.0,0.597,2025-10-07T10:00:00
I00439,U0089,C006,quiz_passed,0.767,1.0,0.738,2025-10-07T12:00:00
I00440,U0119,C045,completed,0.505,1.0,,2025-10-07T14:00:00
I00441,U0246,C045,viewed,0.166,0.083,,2025-10-07T16:00:00
I00442,U0164,C013,viewed,0.258,0.084,,2025-10-07T18:00:00
I00443,U0090,C018,completed,0.54,1.0,,2025-10-07T20:00:00
I00444,U0163,C030,viewed,0.446,0.37,0.312,2025-10-07T22:00:00
I00445,U0071,C013,viewed,0.283,0.27,0.269,2025-10-08T00:00:00
I00446,U0068,C046,completed,0.731,1.0,0.524,2025-10-08T02:00:00
I00447,U0133,C036,viewed,0.341,0.35,0.351,2025-10-08T04:00:00
I00448,U0026,C003,completed,0.485,1.0,,2025-10-08T06:00:00
I00449,U0247,C057,completed,0.555,1.0,,2025-10-08T08:00:00
I00450,U0045,C037,quiz_passed,0.858,1.0,0.794,2025-10-08T10:00:00
I00451,U0014,C013,quiz_passed,0.758,1.0,0.701,2025-10-08T12:00:00
I00452,U0088,C049,completed,0.51,1.0,,2025-10-08T14:00:00
I00453,U0096,C019,completed,0.868,1.0,0.721,2025-10-08T16:00:00
I00454,U0003,C006,completed,0.576,1.0,,2025-10-08T18:00:00
I00455,U0095,C025,disliked,0.482,0.19,0.596,2025-10-08T20:00:00
I00456,U0126,C046,viewed,0.183,0.024,,2025-10-08T22:00:00
I00457,U0099,C015,viewed,0.557,0.47,0.474,2025-10-09T00:00:00
I00458,U0159,C013,completed,0.695,1.0,0.45,2025-10-09T02:00:00
I00459,U0130,C006,quiz_passed,0.753,1.0,0.731,2025-10-09T04:00:00
I00460,U0097,C058,completed,0.497,1.0,,2025-10-09T06:00:00
I00461,U0163,C010,completed,0.683,1.0,0.537,2025-10-09T08:00:00
I00462,U0023,C013,completed,0.471,1.0,,2025-10-09T10:00:00
I00463,U0016,C030,completed,0.483,1.0,,2025-10-09T12:00:00
I00464,U0029,C053,completed,0.818,1.0,0.684,2025-10-09T14:00:00
I00465,U0238,C009,completed,0.578,1.0,,2025-10-09T16:00:00
I00466,U0148,C018,quiz_passed,0.917,1.0,0.876,2025-10-09T18:00:00
I00467,U0227,C006,completed,0.859,1.0,0.714,2025-10-09T20:00:00
I00468,U0011,C025,quiz_passed,0.888,1.0,0.779,2025-10-09T22:00:00
I00469,U0033,C053,completed,0.843,1.0,0.859,2025-10-10T00:00:00
I00470,U0205,C046,completed,0.524,1.0,,2025-10-10T02:00:00
I00471,U0072,C045,quiz_passed,0.79,1.0,0.617,2025-10-10T04:00:00
I00472,U0111,C011,quiz_passed,0.897,1.0,0.797,2025-10-10T06:00:00
I00473,U0194,C003,quiz_passed,0.721,1.0,0.627,2025-10-10T08:00:00
I00474,U0029,C043,disliked,0.159,0.19,,2025-10-10T10:00:00
I00475,U0151,C001,completed,0.84,1.0,0.691,2025-10-10T12:00:00
I00476,U0222,C046,completed,0.524,1.0,,2025-10-10T14:00:00
I00477,U0232,C005,completed,0.778,1.0,0.598,2025-10-10T16:00:00
I00478,U0201,C045,completed,0.526,1.0,,2025-10-10T18:00:00
I00479,U0132,C015,completed,0.812,1.0,0.586,2025-10-10T20:00:00
I00480,U0171,C010,viewed,0.589,0.7,0.375,2025-10-10T22:00:00
I00481,U0237,C030,viewed,0.209,0.095,,2025-10-11T00:00:00
I00482,U0008,C049,completed,0.57,1.0,,2025-10-11T02:00:00
I00483,U0111,C016,viewed,0.212,0.044,,2025-10-11T04:00:00
I00484,U0001,C006,completed,0.507,1.0,,2025-10-11T06:00:00
I00485,U0024,C008,completed,0.838,1.0,0.773,2025-10-11T08:00:00
I00486,U0240,C042,completed,0.517,1.0,,2025-10-11T10:00:00
I00487,U0083,C058,quiz_passed,0.805,1.0,0.786,2025-10-11T12:00:00
I00488,U0106,C029,quiz_passed,0.833,1.0,0.729,2025-10-11T14:00:00
I00489,U0113,C044,quiz_passed,0.819,1.0,0.669,2025-10-11T16:00:00
I00490,U0111,C029,quiz_passed,0.771,1.0,0.717,2025-10-11T18:00:00
I00491,U0195,C048,quiz_passed,0.861,1.0,0.847,2025-10-11T20:00:00
I00492,U0106,C018,viewed,0.133,0.009,,2025-10-11T22:00:00
I00493,U0217,C005,disliked,0.184,0.17,,2025-10-12T00:00:00
I00494,U0109,C003,completed,0.696,1.0,0.583,2025-10-12T02:00:00
I00495,U0237,C043,viewed,0.292,0.024,,2025-10-12T04:00:00
I00496,U0249,C028,viewed,0.624,0.66,0.503,2025-10-12T06:00:00
I00497,U0206,C044,completed,0.565,1.0,,2025-10-12T08:00:00
I00498,U0152,C047,quiz_passed,0.834,1.0,0.851,2025-10-12T10:00:00
I00499,U0152,C026,completed,0.565,1.0,,2025-10-12T12:00:00
I00500,U0176,C054,quiz_passed,0.76,1.0,0.647,2025-10-12T14:00:00
I00501,U0243,C017,viewed,0.28,0.53,,2025-10-12T16:00:00
I00502,U0003,C017,viewed,0.4,0.31,0.428,2025-10-12T18:00:00
I00503,U0087,C017,quiz_passed,0.665,0.65,0.613,2025-10-12T20:00:00
I00504,U0040,C009,completed,0.466,1.0,,2025-10-12T22:00:00
I00505,U0048,C044,completed,0.751,1.0,0.473,2025-10-13T00:00:00
I00506,U0001,C017,completed,0.538,1.0,,2025-10-13T02:00:00
I00507,U0210,C044,viewed,0.549,0.63,0.335,2025-10-13T04:00:00
I00508,U0187,C058,quiz_passed,0.821,1.0,0.705,2025-10-13T06:00:00
I00509,U0106,C019,quiz_passed,0.812,1.0,0.606,2025-10-13T08:00:00
I00510,U0011,C029,viewed,0.181,0.085,,2025-10-13T10:00:00
I00511,U0096,C015,completed,0.562,1.0,,2025-10-13T12:00:00
I00512,U0055,C008,completed,0.742,1.0,0.667,2025-10-13T14:00:00
I00513,U0033,C015,completed,0.508,1.0,,2025-10-13T16:00:00
I00514,U0210,C058,viewed,0.224,0.047,,2025-10-13T18:00:00
I00515,U0066,C035,completed,0.527,1.0,,2025-10-13T20:00:00
I00516,U0226,C035,completed,0.812,1.0,0.615,2025-10-13T22:00:00
I00517,U0119,C010,completed,0.766,1.0,0.76,2025-10-14T00:00:00
I00518,U0250,C005,completed,0.534,1.0,,2025-10-14T02:00:00
I00519,U0226,C035,quiz_passed,0.755,1.0,0.648,2025-10-14T04:00:00
I00520,U0131,C010,viewed,0.245,0.036,,2025-10-14T06:00:00
I00521,U0092,C006,completed,0.491,1.0,,2025-10-14T08:00:00
I00522,U0105,C048,quiz_passed,0.856,1.0,0.701,2025-10-14T10:00:00
I00523,U0086,C013,viewed,0.235,0.08,,2025-10-14T12:00:00
I00524,U0042,C019,disliked,0.174,0.11,,2025-10-14T14:00:00
I00525,U0045,C055,completed,0.716,1.0,0.622,2025-10-14T16:00:00
I00526,U0171,C011,quiz_passed,0.783,1.0,0.772,2025-10-14T18:00:00
I00527,U0156,C008,completed,0.828,1.0,0.642,2025-10-14T20:00:00
I00528,U0167,C013,viewed,0.255,0.067,,2025-10-14T22:00:00
I00529,U0140,C015,completed,0.739,1.0,0.631,2025-10-15T00:00:00
I00530,U0230,C018,completed,0.467,1.0,,2025-10-15T02:00:00
I00531,U0034,C045,completed,0.491,1.0,,2025-10-15T04:00:00
I00532,U0241,C001,completed,0.532,1.0,,2025-10-15T06:00:00
I00533,U0180,C040,quiz_passed,0.718,1.0,0.622,2025-10-15T08:00:00
I00534,U0139,C042,quiz_passed,0.812,1.0,0.729,2025-10-15T10:00:00
I00535,U0021,C002,viewed,0.284,0.096,,2025-10-15T12:00:00
I00536,U0073,C050,viewed,0.228,0.003,,2025-10-15T14:00:00
I00537,U0050,C018,completed,0.728,1.0,0.594,2025-10-15T16:00:00
I00538,U0129,C006,viewed,0.248,0.033,,2025-10-15T18:00:00
I00539,U0194,C043,viewed,0.158,0.084,,2025-10-15T20:00:00
I00540,U0110,C048,completed,0.51,1.0,,2025-10-15T22:00:00
I00541,U0201,C030,viewed,0.361,0.49,,2025-10-16T00:00:00
I00542,U0034,C049,completed,0.748,1.0,0.684,2025-10-16T02:00:00
I00543,U0096,C045,completed,0.539,1.0,,2025-10-16T04:00:00
I00544,U0034,C045,viewed,0.343,0.38,0.309,2025-10-16T06:00:00
I00545,U0153,C018,completed,0.724,1.0,0.593,2025-10-16T08:00:00
I00546,U0062,C045,viewed,0.165,0.067,,2025-10-16T10:00:00
I00547,U0123,C053,viewed,0.14,0.063,,2025-10-16T12:00:00
I00548,U0042,C008,completed,0.523,1.0,,2025-10-16T14:00:00
I00549,U0210,C005,completed,0.494,1.0,,2025-10-16T16:00:00
I00550,U0038,C018,quiz_passed,0.752,1.0,0.706,2025-10-16T18:00:00
I00551,U0137,C017,completed,0.524,1.0,,2025-10-16T20:00:00
I00552,U0169,C002,quiz_passed,0.862,1.0,0.816,2025-10-16T22:00:00
I00553,U0148,C028,completed,0.481,1.0,,2025-10-17T00:00:00
I00554,U0206,C010,completed,0.734,1.0,0.447,2025-10-17T02:00:00
I00555,U0111,C011,completed,0.466,1.0,,2025-10-17T04:00:00
I00556,U0241,C009,quiz_passed,0.789,1.0,0.695,2025-10-17T06:00:00
I00557,U0076,C013,completed,0.738,1.0,0.679,2025-10-17T08:00:00
I00558,U0169,C058,completed,0.842,1.0,0.88,2025-10-17T10:00:00
I00559,U0104,C053,completed,0.721,1.0,0.599,2025-10-17T12:00:00
I00560,U0031,C053,viewed,0.438,0.38,0.463,2025-10-17T14:00:00
I00561,U0241,C013,completed,0.755,1.0,0.571,2025-10-17T16:00:00
I00562,U0044,C013,viewed,0.636,0.57,0.58,2025-10-17T18:00:00
I00563,U0132,C001,completed,0.499,1.0,,2025-10-17T20:00:00
I00564,U0164,C010,quiz_passed,0.85,1.0,0.778,2025-10-17T22:00:00
I00565,U0240,C010,viewed,0.392,0.66,,2025-10-18T00:00:00
I00566,U0242,C044,viewed,0.254,0.3,,2025-10-18T02:00:00
I00567,U0183,C013,completed,0.781,1.0,0.765,2025-10-18T04:00:00
I00568,U0163,C050,completed,0.531,1.0,,2025-10-18T06:00:00
I00569,U0140,C049,completed,0.699,1.0,0.566,2025-10-18T08:00:00
I00570,U0221,C057,completed,0.879,1.0,0.813,2025-10-18T10:00:00
I00571,U0119,C045,completed,0.824,1.0,0.79,2025-10-18T12:00:00
I00572,U0193,C029,disliked,0.318,0.02,0.414,2025-10-18T14:00:00
I00573,U0049,C015,completed,0.578,1.0,,2025-10-18T16:00:00
I00574,U0153,C004,completed,0.466,1.0,,2025-10-18T18:00:00
I00575,U0245,C011,completed,0.855,1.0,0.773,2025-10-18T20:00:00
I00576,U0176,C010,viewed,0.186,0.097,,2025-10-18T22:00:00
I00577,U0149,C044,completed,0.69,1.0,0.571,2025-10-19T00:00:00
I00578,U0234,C002,quiz_passed,0.861,1.0,0.76,2025-10-19T02:00:00
I00579,U0053,C042,viewed,0.242,0.41,,2025-10-19T04:00:00
I00580,U0028,C029,quiz_passed,0.87,1.0,0.85,2025-10-19T06:00:00
I00581,U0104,C035,disliked,0.355,0.15,0.439,2025-10-19T08:00:00
I00582,U0140,C010,completed,0.687,1.0,0.525,2025-10-19T10:00:00
I00583,U0058,C029,quiz_passed,0.854,1.0,0.859,2025-10-19T12:00:00
I00584,U0151,C009,completed,0.577,1.0,,2025-10-19T14:00:00
I00585,U0120,C035,viewed,0.27,0.023,,2025-10-19T16:00:00
I00586,U0172,C009,completed,0.825,1.0,0.875,2025-10-19T18:00:00
I00587,U0104,C015,viewed,0.278,0.049,,2025-10-19T20:00:00
I00588,U0119,C046,completed,0.523,1.0,,2025-10-19T22:00:00
I00589,U0187,C002,quiz_passed,0.853,1.0,0.79,2025-10-20T00:00:00
I00590,U0129,C005,completed,0.656,1.0,0.432,2025-10-20T02:00:00
I00591,U0049,C046,viewed,0.273,0.27,,2025-10-20T04:00:00
I00592,U0041,C046,viewed,0.202,0.018,,2025-10-20T06:00:00
I00593,U0200,C011,viewed,0.252,0.21,,2025-10-20T08:00:00
I00594,U0049,C048,completed,0.786,1.0,0.739,2025-10-20T10:00:00
I00595,U0184,C011,completed,0.896,1.0,0.875,2025-10-20T12:00:00
I00596,U0163,C013,viewed,0.215,0.2,,2025-10-20T14:00:00
I00597,U0104,C029,viewed,0.382,0.31,0.441,2025-10-20T16:00:00
I00598,U0015,C001,completed,0.513,1.0,,2025-10-20T18:00:00
I00599,U0234,C045,viewed,0.49,0.39,0.439,2025-10-20T20:00:00
I00600,U0043,C015,completed,0.803,1.0,0.738,2025-10-20T22:00:00
I00601,U0210,C002,completed,0.568,1.0,,2025-10-21T00:00:00
I00602,U0122,C017,disliked,0.128,0.05,,2025-10-21T02:00:00
I00603,U0242,C008,viewed,0.529,0.54,0.442,2025-10-21T04:00:00
I00604,U0204,C010,viewed,0.215,0.064,,2025-10-21T06:00:00
I00605,U0055,C017,completed,0.719,1.0,0.555,2025-10-21T08:00:00
I00606,U0089,C015,completed,0.827,1.0,0.774,2025-10-21T10:00:00
I00607,U0167,C009,quiz_passed,0.716,1.0,0.624,2025-10-21T12:00:00
I00608,U0065,C015,viewed,0.498,0.51,0.36,2025-10-21T14:00:00
I00609,U0223,C049,completed,0.533,1.0,,2025-10-21T16:00:00
I00610,U0205,C035,completed,0.821,1.0,0.724,2025-10-21T18:00:00
I00611,U0072,C054,viewed,0.231,0.073,,2025-10-21T20:00:00
I00612,U0180,C014,completed,0.578,1.0,,2025-10-21T22:00:00
I00613,U0012,C008,quiz_passed,0.701,1.0,0.601,2025-10-22T00:00:00
I00614,U0021,C030,viewed,0.138,0.029,,2025-10-22T02:00:00
I00615,U0075,C019,completed,0.498,1.0,,2025-10-22T04:00:00
I00616,U0004,C006,completed,0.56,1.0,,2025-10-22T06:00:00
I00617,U0125,C051,quiz_passed,0.844,1.0,0.703,2025-10-22T08:00:00
I00618,U0154,C015,completed,0.765,1.0,0.562,2025-10-22T10:00:00
I00619,U0236,C058,viewed,0.124,0.09,,2025-10-22T12:00:00
I00620,U0152,C046,completed,0.469,1.0,,2025-10-22T14:00:00
I00621,U0031,C014,quiz_passed,0.836,1.0,0.683,2025-10-22T16:00:00
I00622,U0038,C044,viewed,0.256,0.27,,2025-10-22T18:00:00
I00623,U0093,C049,completed,0.821,1.0,0.811,2025-10-22T20:00:00
I00624,U0180,C039,quiz_passed,0.774,1.0,0.646,2025-10-22T22:00:00
I00625,U0128,C028,quiz_passed,0.787,1.0,0.636,2025-10-23T00:00:00
I00626,U0241,C035,quiz_passed,0.839,1.0,0.718,2025-10-23T02:00:00
I00627,U0056,C017,quiz_passed,0.75,1.0,0.72,2025-10-23T04:00:00
I00628,U0133,C018,quiz_passed,0.764,1.0,0.709,2025-10-23T06:00:00
I00629,U0008,C026,completed,0.536,1.0,,2025-10-23T08:00:00
I00630,U0160,C008,completed,0.777,1.0,0.751,2025-10-23T10:00:00
I00631,U0111,C010,completed,0.546,1.0,,2025-10-23T12:00:00
I00632,U0120,C005,viewed,0.279,0.065,,2025-10-23T14:00:00
I00633,U0158,C011,quiz_passed,0.792,1.0,0.701,2025-10-23T16:00:00
I00634,U0040,C013,completed,0.712,1.0,0.617,2025-10-23T18:00:00
I00635,U0185,C030,completed,0.58,1.0,,2025-10-23T20:00:00
I00636,U0057,C054,completed,0.579,1.0,,2025-10-23T22:00:00
I00637,U0249,C005,quiz_passed,0.821,1.0,0.639,2025-10-24T00:00:00
I00638,U0132,C010,viewed,0.146,0.005,,2025-10-24T02:00:00
I00639,U0209,C002,completed,0.573,1.0,,2025-10-24T04:00:00
I00640,U0143,C048,quiz_passed,0.874,1.0,0.769,2025-10-24T06:00:00
I00641,U0086,C010,completed,0.772,1.0,0.654,2025-10-24T08:00:00
I00642,U0142,C053,completed,0.467,1.0,,2025-10-24T10:00:00
I00643,U0063,C017,completed,0.513,1.0,,2025-10-24T12:00:00
I00644,U0154,C044,completed,0.692,1.0,0.487,2025-10-24T14:00:00
I00645,U0052,C017,quiz_passed,0.794,1.0,0.663,2025-10-24T16:00:00
I00646,U0072,C016,viewed,0.287,0.047,,2025-10-24T18:00:00
I00647,U0207,C029,completed,0.531,1.0,,2025-10-24T20:00:00
I00648,U0057,C047,viewed,0.196,0.097,,2025-10-24T22:00:00
I00649,U0119,C013,viewed,0.204,0.096,,2025-10-25T00:00:00
I00650,U0210,C035,completed,0.48,1.0,,2025-10-25T02:00:00
I00651,U0180,C018,completed,0.573,1.0,,2025-10-25T04:00:00
I00652,U0137,C049,quiz_passed,0.757,1.0,0.674,2025-10-25T06:00:00
I00653,U0022,C028,quiz_passed,0.802,1.0,0.744,2025-10-25T08:00:00
I00654,U0200,C035,completed,0.517,1.0,,2025-10-25T10:00:00
I00655,U0115,C011,completed,0.482,1.0,,2025-10-25T12:00:00
I00656,U0149,C010,viewed,0.342,0.42,,2025-10-25T14:00:00
I00657,U0150,C057,viewed,0.501,0.6,0.366,2025-10-25T16:00:00
I00658,U0167,C010,viewed,0.322,0.25,0.198,2025-10-25T18:00:00
I00659,U0247,C042,completed,0.574,1.0,,2025-10-25T20:00:00
I00660,U0125,C005,viewed,0.116,0.028,,2025-10-25T22:00:00
I00661,U0125,C001,completed,0.816,1.0,0.733,2025-10-26T00:00:00
I00662,U0099,C045,viewed,0.43,0.35,0.337,2025-10-26T02:00:00
I00663,U0023,C026,viewed,0.355,0.57,,2025-10-26T04:00:00
I00664,U0138,C005,completed,0.691,1.0,0.475,2025-10-26T06:00:00
I00665,U0108,C011,completed,0.562,1.0,,2025-10-26T08:00:00
I00666,U0076,C013,viewed,0.471,0.46,0.395,2025-10-26T10:00:00
I00667,U0223,C028,completed,0.754,1.0,0.573,2025-10-26T12:00:00
I00668,U0216,C008,completed,0.696,1.0,0.555,2025-10-26T14:00:00
I00669,U0138,C018,viewed,0.197,0.009,,2025-10-26T16:00:00
I00670,U0038,C051,completed,0.499,1.0,,2025-10-26T18:00:00
I00671,U0117,C008,completed,0.765,1.0,0.577,2025-10-26T20:00:00
I00672,U0140,C006,disliked,0.232,0.13,,2025-10-26T22:00:00
I00673,U0031,C030,completed,0.547,1.0,,2025-10-27T00:00:00
I00674,U0132,C010,completed,0.572,1.0,,2025-10-27T02:00:00
I00675,U0224,C011,completed,0.576,1.0,,2025-10-27T04:00:00
I00676,U0221,C051,quiz_passed,0.861,1.0,0.853,2025-10-27T06:00:00
I00677,U0046,C049,viewed,0.208,0.03,,2025-10-27T08:00:00
I00678,U0128,C057,viewed,0.261,0.074,,2025-10-27T10:00:00
I00679,U0015,C049,quiz_passed,0.805,1.0,0.751,2025-10-27T12:00:00
I00680,U0026,C001,completed,0.474,1.0,,2025-10-27T14:00:00
I00681,U0138,C029,viewed,0.426,0.27,0.364,2025-10-27T16:00:00
I00682,U0138,C058,completed,0.518,1.0,,2025-10-27T18:00:00
I00683,U0132,C005,completed,0.754,1.0,0.525,2025-10-27T20:00:00
I00684,U0210,C057,completed,0.81,1.0,0.791,2025-10-27T22:00:00
I00685,U0041,C057,viewed,0.22,0.026,,2025-10-28T00:00:00
I00686,U0032,C017,quiz_passed,0.815,1.0,0.653,2025-10-28T02:00:00
I00687,U0173,C047,completed,0.866,1.0,0.811,2025-10-28T04:00:00
I00688,U0180,C042,quiz_passed,0.801,1.0,0.824,2025-10-28T06:00:00
I00689,U0140,C044,viewed,0.161,0.052,,2025-10-28T08:00:00
I00690,U0135,C028,completed,0.79,1.0,0.575,2025-10-28T10:00:00
I00691,U0062,C005,completed,0.491,1.0,,2025-10-28T12:00:00
I00692,U0196,C011,completed,0.537,1.0,,2025-10-28T14:00:00
I00693,U0099,C011,viewed,0.23,0.36,,2025-10-28T16:00:00
I00694,U0120,C002,completed,0.72,1.0,0.615,2025-10-28T18:00:00
I00695,U0185,C017,quiz_passed,0.772,1.0,0.701,2025-10-28T20:00:00
I00696,U0027,C011,viewed,0.4,0.26,0.399,2025-10-28T22:00:00
I00697,U0192,C048,completed,0.567,1.0,,2025-10-29T00:00:00
I00698,U0241,C029,viewed,0.297,0.01,,2025-10-29T02:00:00
I00699,U0100,C006,completed,0.565,1.0,,2025-10-29T04:00:00
I00700,U0195,C013,completed,0.78,1.0,0.79,2025-10-29T06:00:00
I00701,U0099,C046,completed,0.691,1.0,0.477,2025-10-29T08:00:00
I00702,U0029,C016,completed,0.734,1.0,0.574,2025-10-29T10:00:00
I00703,U0241,C005,completed,0.558,1.0,,2025-10-29T12:00:00
I00704,U0065,C001,viewed,0.538,0.69,0.369,2025-10-29T14:00:00
I00705,U0055,C008,quiz_passed,0.768,1.0,0.686,2025-10-29T16:00:00
I00706,U0106,C019,completed,0.715,1.0,0.568,2025-10-29T18:00:00
I00707,U0249,C016,quiz_passed,0.786,1.0,0.779,2025-10-29T20:00:00
I00708,U0002,C010,disliked,0.221,0.18,0.217,2025-10-29T22:00:00
I00709,U0026,C009,completed,0.56,1.0,,2025-10-30T00:00:00
I00710,U0140,C053,completed,0.49,1.0,,2025-10-30T02:00:00
I00711,U0092,C048,completed,0.785,1.0,0.714,2025-10-30T04:00:00
I00712,U0151,C044,quiz_passed,0.737,1.0,0.628,2025-10-30T06:00:00
I00713,U0202,C053,completed,0.814,1.0,0.728,2025-10-30T08:00:00
I00714,U0113,C046,disliked,0.237,0.19,0.205,2025-10-30T10:00:00
I00715,U0002,C018,completed,0.535,1.0,,2025-10-30T12:00:00
I00716,U0096,C020,completed,0.695,1.0,0.553,2025-10-30T14:00:00
I00717,U0060,C008,quiz_passed,0.86,1.0,0.759,2025-10-30T16:00:00
I00718,U0062,C011,completed,0.512,1.0,,2025-10-30T18:00:00
I00719,U0138,C019,completed,0.685,1.0,0.431,2025-10-30T20:00:00
I00720,U0048,C005,completed,0.761,1.0,0.518,2025-10-30T22:00:00
I00721,U0159,C049,completed,0.499,1.0,,2025-10-31T00:00:00
I00722,U0169,C008,viewed,0.145,0.003,,2025-10-31T02:00:00
I00723,U0034,C013,disliked,0.114,0.09,,2025-10-31T04:00:00
I00724,U0132,C057,viewed,0.462,0.46,0.408,2025-10-31T06:00:00
I00725,U0091,C058,viewed,0.215,0.063,,2025-10-31T08:00:00
I00726,U0020,C042,completed,0.834,1.0,0.811,2025-10-31T10:00:00
I00727,U0064,C018,quiz_passed,0.766,1.0,0.623,2025-10-31T12:00:00
I00728,U0031,C014,viewed,0.376,0.35,0.361,2025-10-31T14:00:00
I00729,U0201,C045,completed,0.711,1.0,0.447,2025-10-31T16:00:00
I00730,U0164,C028,completed,0.87,1.0,0.86,2025-10-31T18:00:00
I00731,U0036,C006,completed,0.532,1.0,,2025-10-31T20:00:00
I00732,U0136,C028,completed,0.567,1.0,,2025-10-31T22:00:00
I00733,U0008,C006,viewed,0.225,0.094,,2025-11-01T00:00:00
I00734,U0068,C028,completed,0.85,1.0,0.702,2025-11-01T02:00:00
I00735,U0114,C028,quiz_passed,0.741,1.0,0.654,2025-11-01T04:00:00
I00736,U0221,C053,completed,0.483,1.0,,2025-11-01T06:00:00
I00737,U0161,C054,completed,0.465,1.0,,2025-11-01T08:00:00
I00738,U0039,C042,viewed,0.311,0.37,,2025-11-01T10:00:00
I00739,U0093,C033,completed,0.878,1.0,0.789,2025-11-01T12:00:00
I00740,U0024,C046,viewed,0.209,0.095,,2025-11-01T14:00:00
I00741,U0125,C044,viewed,0.168,0.014,,2025-11-01T16:00:00
I00742,U0035,C018,viewed,0.179,0.037,,2025-11-01T18:00:00
I00743,U0070,C057,completed,0.487,1.0,,2025-11-01T20:00:00
I00744,U0196,C043,viewed,0.183,0.046,,2025-11-01T22:00:00
I00745,U0249,C045,completed,0.577,1.0,,2025-11-02T00:00:00
I00746,U0214,C030,viewed,0.498,0.38,0.422,2025-11-02T02:00:00
I00747,U0020,C044,quiz_passed,0.837,1.0,0.748,2025-11-02T04:00:00
I00748,U0065,C010,viewed,0.262,0.011,,2025-11-02T06:00:00
I00749,U0156,C016,completed,0.739,1.0,0.588,2025-11-02T08:00:00
I00750,U0109,C010,viewed,0.444,0.53,0.234,2025-11-02T10:00:00
I00751,U0080,C045,viewed,0.399,0.24,0.338,2025-11-02T12:00:00
I00752,U0220,C053,viewed,0.356,0.48,,2025-11-02T14:00:00
I00753,U0209,C051,viewed,0.152,0.093,,2025-11-02T16:00:00
I00754,U0037,C028,viewed,0.418,0.27,0.485,2025-11-02T18:00:00
I00755,U0076,C053,completed,0.494,1.0,,2025-11-02T20:00:00
I00756,U0226,C010,disliked,0.317,0.09,0.288,2025-11-02T22:00:00
I00757,U0209,C017,viewed,0.256,0.067,,2025-11-03T00:00:00
I00758,U0067,C003,completed,0.51,1.0,,2025-11-03T02:00:00
I00759,U0180,C056,quiz_passed,0.742,1.0,0.607,2025-11-03T04:00:00
I00760,U0203,C053,completed,0.548,1.0,,2025-11-03T06:00:00
I00761,U0007,C015,viewed,0.43,0.29,0.556,2025-11-03T08:00:00
I00762,U0127,C011,completed,0.484,1.0,,2025-11-03T10:00:00
I00763,U0163,C042,viewed,0.22,0.036,,2025-11-03T12:00:00
I00764,U0214,C020,completed,0.636,1.0,0.332,2025-11-03T14:00:00
I00765,U0023,C044,completed,0.832,1.0,0.664,2025-11-03T16:00:00
I00766,U0196,C045,completed,0.499,1.0,,2025-11-03T18:00:00
I00767,U0041,C057,quiz_passed,0.885,1.0,0.875,2025-11-03T20:00:00
I00768,U0072,C005,completed,0.696,1.0,0.557,2025-11-03T22:00:00
I00769,U0062,C008,completed,0.783,1.0,0.555,2025-11-04T00:00:00
I00770,U0230,C009,completed,0.776,1.0,0.594,2025-11-04T02:00:00
I00771,U0071,C008,completed,0.535,1.0,,2025-11-04T04:00:00
I00772,U0131,C013,completed,0.553,1.0,,2025-11-04T06:00:00
I00773,U0063,C009,quiz_passed,0.805,1.0,0.626,2025-11-04T08:00:00
I00774,U0099,C044,viewed,0.464,0.59,0.404,2025-11-04T10:00:00
I00775,U0221,C013,completed,0.515,1.0,,2025-11-04T12:00:00
I00776,U0007,C045,viewed,0.107,0.075,,2025-11-04T14:00:00
I00777,U0067,C013,viewed,0.408,0.52,0.226,2025-11-04T16:00:00
I00778,U0015,C003,quiz_passed,0.78,1.0,0.73,2025-11-04T18:00:00
I00779,U0214,C044,completed,0.486,1.0,,2025-11-04T20:00:00
I00780,U0110,C017,completed,0.529,1.0,,2025-11-04T22:00:00
I00781,U0015,C045,quiz_passed,0.787,1.0,0.646,2025-11-05T00:00:00
I00782,U0129,C053,viewed,0.401,0.39,0.368,2025-11-05T02:00:00
I00783,U0131,C045,completed,0.718,1.0,0.597,2025-11-05T04:00:00
I00784,U0062,C013,completed,0.571,1.0,,2025-11-05T06:00:00
I00785,U0153,C041,viewed,0.352,0.4,0.201,2025-11-05T08:00:00
I00786,U0026,C046,completed,0.684,1.0,0.479,2025-11-05T10:00:00
I00787,U0033,C005,completed,0.873,1.0,0.795,2025-11-05T12:00:00
I00788,U0209,C042,viewed,0.249,0.038,,2025-11-05T14:00:00
I00789,U0095,C017,viewed,0.539,0.56,0.554,2025-11-05T16:00:00
I00790,U0075,C050,completed,0.852,1.0,0.75,2025-11-05T18:00:00
I00791,U0006,C028,completed,0.465,1.0,,2025-11-05T20:00:00
I00792,U0030,C009,viewed,0.346,0.67,,2025-11-05T22:00:00
I00793,U0111,C010,completed,0.568,1.0,,2025-11-06T00:00:00
I00794,U0011,C017,quiz_passed,0.842,1.0,0.757,2025-11-06T02:00:00
I00795,U0049,C042,completed,0.862,1.0,0.729,2025-11-06T04:00:00
I00796,U0165,C030,completed,0.55,1.0,,2025-11-06T06:00:00
I00797,U0247,C057,disliked,0.381,0.11,0.502,2025-11-06T08:00:00
I00798,U0014,C045,viewed,0.335,0.65,,2025-11-06T10:00:00
I00799,U0151,C046,viewed,0.255,0.031,,2025-11-06T12:00:00
I00800,U0137,C006,completed,0.752,1.0,0.557,2025-11-06T14:00:00
I00801,U0100,C003,completed,0.536,1.0,,2025-11-06T16:00:00
I00802,U0023,C046,viewed,0.133,0.017,,2025-11-06T18:00:00
I00803,U0125,C006,viewed,0.209,0.093,,2025-11-06T20:00:00
I00804,U0180,C039,completed,0.567,1.0,,2025-11-06T22:00:00
I00805,U0026,C036,completed,0.562,1.0,,2025-11-07T00:00:00
I00806,U0087,C050,completed,0.466,1.0,,2025-11-07T02:00:00
I00807,U0044,C047,completed,0.503,1.0,,2025-11-07T04:00:00
I00808,U0243,C025,viewed,0.309,0.56,,2025-11-07T06:00:00
I00809,U0069,C049,quiz_passed,0.832,1.0,0.652,2025-11-07T08:00:00
I00810,U0191,C017,viewed,0.352,0.65,,2025-11-07T10:00:00
I00811,U0183,C010,quiz_passed,0.848,1.0,0.783,2025-11-07T12:00:00
I00812,U0140,C033,completed,0.548,1.0,,2025-11-07T14:00:00
I00813,U0152,C013,completed,0.521,1.0,,2025-11-07T16:00:00
I00814,U0082,C043,completed,0.464,1.0,,2025-11-07T18:00:00
I00815,U0062,C053,completed,0.552,1.0,,2025-11-07T20:00:00
I00816,U0032,C048,completed,0.712,1.0,0.571,2025-11-07T22:00:00
I00817,U0100,C005,disliked,0.283,0.19,0.277,2025-11-08T00:00:00
I00818,U0218,C013,quiz_passed,0.804,1.0,0.747,2025-11-08T02:00:00
I00819,U0125,C048,viewed,0.177,0.09,,2025-11-08T04:00:00
I00820,U0075,C035,completed,0.793,1.0,0.785,2025-11-08T06:00:00
I00821,U0248,C058,viewed,0.307,0.38,,2025-11-08T08:00:00
I00822,U0186,C029,completed,0.534,1.0,,2025-11-08T10:00:00
I00823,U0122,C017,viewed,0.447,0.28,0.392,2025-11-08T12:00:00
I00824,U0014,C005,quiz_passed,0.799,1.0,0.765,2025-11-08T14:00:00
I00825,U0132,C005,completed,0.578,1.0,,2025-11-08T16:00:00
I00826,U0040,C016,viewed,0.236,0.08,,2025-11-08T18:00:00
I00827,U0002,C011,completed,0.499,1.0,,2025-11-08T20:00:00
I00828,U0167,C049,viewed,0.135,0.046,,2025-11-08T22:00:00
I00829,U0234,C044,viewed,0.165,0.087,,2025-11-09T00:00:00
I00830,U0072,C035,quiz_passed,0.775,1.0,0.702,2025-11-09T02:00:00
I00831,U0105,C049,completed,0.504,1.0,,2025-11-09T04:00:00
I00832,U0167,C054,completed,0.702,1.0,0.593,2025-11-09T06:00:00
I00833,U0154,C046,completed,0.556,1.0,,2025-11-09T08:00:00
I00834,U0214,C005,completed,0.678,1.0,0.514,2025-11-09T10:00:00
I00835,U0045,C014,viewed,0.592,0.54,0.533,2025-11-09T12:00:00
I00836,U0112,C057,completed,0.555,1.0,,2025-11-09T14:00:00
I00837,U0125,C005,completed,0.749,1.0,0.657,2025-11-09T16:00:00
I00838,U0044,C013,quiz_passed,0.806,1.0,0.8,2025-11-09T18:00:00
I00839,U0223,C033,viewed,0.274,0.037,,2025-11-09T20:00:00
I00840,U0222,C048,quiz_passed,0.867,1.0,0.779,2025-11-09T22:00:00
I00841,U0178,C018,quiz_passed,0.826,1.0,0.766,2025-11-10T00:00:00
I00842,U0067,C043,viewed,0.217,0.081,,2025-11-10T02:00:00
I00843,U0014,C044,quiz_passed,0.788,1.0,0.78,2025-11-10T04:00:00
I00844,U0200,C029,quiz_passed,0.875,1.0,0.749,2025-11-10T06:00:00
I00845,U0082,C048,completed,0.805,1.0,0.772,2025-11-10T08:00:00
I00846,U0131,C016,completed,0.47,1.0,,2025-11-10T10:00:00
I00847,U0119,C044,quiz_passed,0.854,1.0,0.718,2025-11-10T12:00:00
I00848,U0009,C030,disliked,0.206,0.19,,2025-11-10T14:00:00
I00849,U0149,C035,viewed,0.627,0.61,0.548,2025-11-10T16:00:00
I00850,U0127,C042,viewed,0.143,0.002,,2025-11-10T18:00:00
I00851,U0240,C009,completed,0.463,1.0,,2025-11-10T20:00:00
I00852,U0247,C044,viewed,0.456,0.34,0.443,2025-11-10T22:00:00
I00853,U0205,C046,viewed,0.29,0.07,,2025-11-11T00:00:00
I00854,U0248,C049,viewed,0.527,0.55,0.509,2025-11-11T02:00:00
I00855,U0223,C026,viewed,0.171,0.083,,2025-11-11T04:00:00
I00856,U0112,C047,viewed,0.259,0.064,,2025-11-11T06:00:00
I00857,U0121,C051,completed,0.876,1.0,0.785,2025-11-11T08:00:00
I00858,U0071,C044,completed,0.754,1.0,0.474,2025-11-11T10:00:00
I00859,U0221,C042,completed,0.464,1.0,,2025-11-11T12:00:00
I00860,U0077,C018,quiz_passed,0.731,1.0,0.616,2025-11-11T14:00:00
I00861,U0223,C049,quiz_passed,0.752,1.0,0.625,2025-11-11T16:00:00
I00862,U0205,C046,viewed,0.268,0.048,,2025-11-11T18:00:00
I00863,U0136,C054,completed,0.497,1.0,,2025-11-11T20:00:00
I00864,U0250,C018,completed,0.811,1.0,0.829,2025-11-11T22:00:00
I00865,U0111,C044,disliked,0.19,0.13,,2025-11-12T00:00:00
I00866,U0118,C035,completed,0.799,1.0,0.555,2025-11-12T02:00:00
I00867,U0015,C045,viewed,0.278,0.074,,2025-11-12T04:00:00
I00868,U0099,C045,completed,0.53,1.0,,2025-11-12T06:00:00
I00869,U0177,C042,quiz_passed,0.757,1.0,0.687,2025-11-12T08:00:00
I00870,U0087,C049,completed,0.476,1.0,,2025-11-12T10:00:00
I00871,U0083,C042,completed,0.541,1.0,,2025-11-12T12:00:00
I00872,U0011,C053,completed,0.577,1.0,,2025-11-12T14:00:00
I00873,U0063,C049,completed,0.779,1.0,0.599,2025-11-12T16:00:00
I00874,U0035,C043,completed,0.491,1.0,,2025-11-12T18:00:00
I00875,U0249,C048,viewed,0.176,0.094,,2025-11-12T20:00:00
I00876,U0211,C003,quiz_passed,0.79,1.0,0.66,2025-11-12T22:00:00
I00877,U0131,C013,viewed,0.384,0.38,0.355,2025-11-13T00:00:00
I00878,U0012,C043,quiz_passed,0.751,1.0,0.674,2025-11-13T02:00:00
I00879,U0202,C009,completed,0.819,1.0,0.753,2025-11-13T04:00:00
I00880,U0042,C018,completed,0.503,1.0,,2025-11-13T06:00:00
I00881,U0157,C036,viewed,0.3,0.004,,2025-11-13T08:00:00
I00882,U0168,C009,viewed,0.278,0.069,,2025-11-13T10:00:00
I00883,U0164,C043,quiz_passed,0.9,1.0,0.822,2025-11-13T12:00:00
I00884,U0002,C009,completed,0.755,1.0,0.68,2025-11-13T14:00:00
I00885,U0090,C028,viewed,0.119,0.046,,2025-11-13T16:00:00
I00886,U0045,C002,quiz_passed,0.902,1.0,0.878,2025-11-13T18:00:00
I00887,U0099,C016,completed,0.571,1.0,,2025-11-13T20:00:00
I00888,U0083,C001,quiz_passed,0.845,1.0,0.691,2025-11-13T22:00:00
I00889,U0218,C045,quiz_passed,0.782,1.0,0.778,2025-11-14T00:00:00
I00890,U0047,C008,completed,0.743,1.0,0.554,2025-11-14T02:00:00
I00891,U0121,C003,completed,0.555,1.0,,2025-11-14T04:00:00
I00892,U0175,C035,viewed,0.285,0.28,,2025-11-14T06:00:00
I00893,U0114,C001,completed,0.566,1.0,,2025-11-14T08:00:00
I00894,U0141,C043,quiz_passed,0.852,1.0,0.705,2025-11-14T10:00:00
I00895,U0034,C005,viewed,0.141,0.022,,2025-11-14T12:00:00
I00896,U0023,C025,completed,0.8,1.0,0.757,2025-11-14T14:00:00
I00897,U0108,C043,quiz_passed,0.74,1.0,0.677,2025-11-14T16:00:00
I00898,U0216,C009,viewed,0.228,0.22,,2025-11-14T18:00:00
I00899,U0060,C047,quiz_passed,0.77,1.0,0.733,2025-11-14T20:00:00
I00900,U0072,C048,quiz_passed,0.865,1.0,0.746,2025-11-14T22:00:00
I00901,U0210,C011,quiz_passed,0.747,1.0,0.691,2025-11-15T00:00:00
I00902,U0124,C001,completed,0.567,1.0,,2025-11-15T02:00:00
I00903,U0174,C017,disliked,0.321,0.16,0.439,2025-11-15T04:00:00
I00904,U0226,C037,completed,0.714,1.0,0.53,2025-11-15T06:00:00
I00905,U0065,C006,completed,0.552,1.0,,2025-11-15T08:00:00
I00906,U0125,C010,viewed,0.283,0.061,,2025-11-15T10:00:00
I00907,U0044,C043,quiz_passed,0.883,1.0,0.839,2025-11-15T12:00:00
I00908,U0008,C002,completed,0.479,1.0,,2025-11-15T14:00:00
I00909,U0119,C033,disliked,0.132,0.1,,2025-11-15T16:00:00
I00910,U0043,C009,completed,0.801,1.0,0.705,2025-11-15T18:00:00
I00911,U0135,C017,quiz_passed,0.751,1.0,0.643,2025-11-15T20:00:00
I00912,U0176,C049,completed,0.513,1.0,,2025-11-15T22:00:00
I00913,U0196,C025,quiz_passed,0.758,1.0,0.744,2025-11-16T00:00:00
I00914,U0181,C054,completed,0.536,1.0,,2025-11-16T02:00:00
I00915,U0020,C050,completed,0.891,1.0,0.845,2025-11-16T04:00:00
I00916,U0248,C053,completed,0.525,1.0,,2025-11-16T06:00:00
I00917,U0145,C015,quiz_passed,0.889,1.0,0.781,2025-11-16T08:00:00
I00918,U0125,C044,disliked,0.301,0.18,0.372,2025-11-16T10:00:00
I00919,U0231,C043,quiz_passed,0.814,1.0,0.802,2025-11-16T12:00:00
I00920,U0087,C033,quiz_passed,0.762,1.0,0.721,2025-11-16T14:00:00
I00921,U0059,C003,quiz_passed,0.768,1.0,0.671,2025-11-16T16:00:00
I00922,U0133,C049,completed,0.795,1.0,0.772,2025-11-16T18:00:00
I00923,U0183,C015,quiz_passed,0.799,1.0,0.822,2025-11-16T20:00:00
I00924,U0144,C028,quiz_passed,0.826,1.0,0.733,2025-11-16T22:00:00
I00925,U0087,C016,completed,0.909,1.0,0.874,2025-11-17T00:00:00
I00926,U0246,C015,viewed,0.134,0.07,,2025-11-17T02:00:00
I00927,U0202,C058,quiz_passed,0.821,1.0,0.789,2025-11-17T04:00:00
I00928,U0112,C028,completed,0.569,1.0,,2025-11-17T06:00:00
I00929,U0042,C054,viewed,0.252,0.041,,2025-11-17T08:00:00
I00930,U0086,C057,completed,0.803,1.0,0.802,2025-11-17T10:00:00
I00931,U0049,C005,quiz_passed,0.803,1.0,0.63,2025-11-17T12:00:00
I00932,U0149,C015,viewed,0.15,0.002,,2025-11-17T14:00:00
I00933,U0180,C055,completed,0.556,1.0,,2025-11-17T16:00:00
I00934,U0072,C002,quiz_passed,0.888,1.0,0.781,2025-11-17T18:00:00
I00935,U0106,C049,quiz_passed,0.793,1.0,0.716,2025-11-17T20:00:00
I00936,U0211,C005,disliked,0.303,0.19,0.244,2025-11-17T22:00:00
I00937,U0151,C015,completed,0.782,1.0,0.734,2025-11-18T00:00:00
I00938,U0094,C016,viewed,0.298,0.053,,2025-11-18T02:00:00
I00939,U0119,C054,completed,0.483,1.0,,2025-11-18T04:00:00
I00940,U0217,C057,disliked,0.348,0.12,0.406,2025-11-18T06:00:00
I00941,U0217,C009,viewed,0.178,0.039,,2025-11-18T08:00:00
I00942,U0031,C011,completed,0.52,1.0,,2025-11-18T10:00:00
I00943,U0222,C017,viewed,0.155,0.023,,2025-11-18T12:00:00
I00944,U0104,C025,completed,0.793,1.0,0.596,2025-11-18T14:00:00
I00945,U0157,C014,disliked,0.208,0.05,0.307,2025-11-18T16:00:00
I00946,U0006,C002,viewed,0.301,0.54,,2025-11-18T18:00:00
I00947,U0187,C046,viewed,0.174,0.017,,2025-11-18T20:00:00
I00948,U0098,C025,disliked,0.136,0.08,,2025-11-18T22:00:00
I00949,U0182,C053,completed,0.472,1.0,,2025-11-19T00:00:00
I00950,U0078,C051,completed,0.505,1.0,,2025-11-19T02:00:00
I00951,U0048,C009,quiz_passed,0.823,1.0,0.615,2025-11-19T04:00:00
I00952,U0124,C046,viewed,0.372,0.59,,2025-11-19T06:00:00
I00953,U0150,C015,viewed,0.346,0.68,,2025-11-19T08:00:00
I00954,U0166,C053,viewed,0.242,0.016,,2025-11-19T10:00:00
I00955,U0029,C046,viewed,0.208,0.029,,2025-11-19T12:00:00
I00956,U0078,C046,viewed,0.134,0.021,,2025-11-19T14:00:00
I00957,U0012,C013,completed,0.524,1.0,,2025-11-19T16:00:00
I00958,U0113,C046,viewed,0.194,0.029,,2025-11-19T18:00:00
I00959,U0231,C045,viewed,0.157,0.021,,2025-11-19T20:00:00
I00960,U0129,C033,viewed,0.158,0.22,,2025-11-19T22:00:00
I00961,U0093,C003,completed,0.544,1.0,,2025-11-20T00:00:00
I00962,U0179,C001,completed,0.559,1.0,,2025-11-20T02:00:00
I00963,U0052,C013,completed,0.672,1.0,0.407,2025-11-20T04:00:00
I00964,U0012,C025,viewed,0.324,0.49,,2025-11-20T06:00:00
I00965,U0180,C050,completed,0.497,1.0,,2025-11-20T08:00:00
I00966,U0169,C011,completed,0.911,1.0,0.849,2025-11-20T10:00:00
I00967,U0128,C054,quiz_passed,0.728,1.0,0.609,2025-11-20T12:00:00
I00968,U0038,C050,completed,0.848,1.0,0.731,2025-11-20T14:00:00
I00969,U0115,C018,viewed,0.283,0.04,,2025-11-20T16:00:00
I00970,U0136,C051,completed,0.502,1.0,,2025-11-20T18:00:00
I00971,U0180,C003,completed,0.463,1.0,,2025-11-20T20:00:00
I00972,U0218,C044,quiz_passed,0.846,1.0,0.775,2025-11-20T22:00:00
I00973,U0141,C028,completed,0.505,1.0,,2025-11-21T00:00:00
I00974,U0208,C049,completed,0.807,1.0,0.769,2025-11-21T02:00:00
I00975,U0014,C049,quiz_passed,0.471,0.32,0.662,2025-11-21T04:00:00
I00976,U0207,C025,completed,0.471,1.0,,2025-11-21T06:00:00
I00977,U0006,C005,completed,0.55,1.0,,2025-11-21T08:00:00
I00978,U0093,C057,quiz_passed,0.483,0.33,0.683,2025-11-21T10:00:00
I00979,U0105,C042,completed,0.494,1.0,,2025-11-21T12:00:00
I00980,U0014,C051,completed,0.497,1.0,,2025-11-21T14:00:00
I00981,U0101,C047,completed,0.866,1.0,0.869,2025-11-21T16:00:00
I00982,U0213,C002,quiz_passed,0.755,1.0,0.731,2025-11-21T18:00:00
I00983,U0038,C011,completed,0.847,1.0,0.699,2025-11-21T20:00:00
I00984,U0230,C025,quiz_passed,0.739,1.0,0.627,2025-11-21T22:00:00
I00985,U0073,C054,quiz_passed,0.831,1.0,0.757,2025-11-22T00:00:00
I00986,U0161,C003,completed,0.569,1.0,,2025-11-22T02:00:00
I00987,U0188,C048,viewed,0.169,0.097,,2025-11-22T04:00:00
I00988,U0110,C018,viewed,0.279,0.046,,2025-11-22T06:00:00
I00989,U0216,C042,viewed,0.261,0.035,,2025-11-22T08:00:00
I00990,U0060,C002,viewed,0.52,0.51,0.522,2025-11-22T10:00:00
I00991,U0117,C048,completed,0.502,1.0,,2025-11-22T12:00:00
I00992,U0227,C042,completed,0.573,1.0,,2025-11-22T14:00:00
I00993,U0249,C044,completed,0.796,1.0,0.565,2025-11-22T16:00:00
I00994,U0124,C046,completed,0.678,1.0,0.428,2025-11-22T18:00:00
I00995,U0218,C011,quiz_passed,0.86,1.0,0.815,2025-11-22T20:00:00
I00996,U0175,C057,viewed,0.288,0.026,,2025-11-22T22:00:00
I00997,U0180,C056,viewed,0.224,0.04,,2025-11-23T00:00:00
I00998,U0206,C004,viewed,0.292,0.002,,2025-11-23T02:00:00
I00999,U0205,C008,completed,0.504,1.0,,2025-11-23T04:00:00
I01000,U0104,C029,quiz_passed,0.79,1.0,0.623,2025-11-23T06:00:00
I01001,U0020,C030,quiz_passed,0.801,1.0,0.819,2025-11-23T08:00:00
I01002,U0157,C037,viewed,0.25,0.3,,2025-11-23T10:00:00
I01003,U0078,C008,completed,0.796,1.0,0.786,2025-11-23T12:00:00
I01004,U0106,C026,viewed,0.169,0.025,,2025-11-23T14:00:00
I01005,U0017,C048,completed,0.909,1.0,0.876,2025-11-23T16:00:00
I01006,U0066,C029,quiz_passed,0.785,1.0,0.608,2025-11-23T18:00:00
I01007,U0034,C010,completed,0.646,1.0,0.417,2025-11-23T20:00:00
I01008,U0180,C010,quiz_passed,0.806,1.0,0.7,2025-11-23T22:00:00
I01009,U0093,C037,completed,0.537,1.0,,2025-11-24T00:00:00
I01010,U0247,C057,quiz_passed,0.785,1.0,0.725,2025-11-24T02:00:00
I01011,U0160,C051,completed,0.826,1.0,0.703,2025-11-24T04:00:00
I01012,U0132,C002,completed,0.526,1.0,,2025-11-24T06:00:00
I01013,U0231,C044,viewed,0.19,0.058,,2025-11-24T08:00:00
I01014,U0230,C047,quiz_passed,0.802,1.0,0.62,2025-11-24T10:00:00
I01015,U0129,C046,completed,0.657,1.0,0.339,2025-11-24T12:00:00
I01016,U0102,C011,quiz_passed,0.759,1.0,0.623,2025-11-24T14:00:00
I01017,U0006,C058,quiz_passed,0.916,1.0,0.862,2025-11-24T16:00:00
I01018,U0045,C037,quiz_passed,0.882,1.0,0.76,2025-11-24T18:00:00
I01019,U0029,C044,completed,0.521,1.0,,2025-11-24T20:00:00
I01020,U0141,C005,completed,0.794,1.0,0.641,2025-11-24T22:00:00
I01021,U0013,C003,completed,0.508,1.0,,2025-11-25T00:00:00
I01022,U0207,C053,viewed,0.224,0.082,,2025-11-25T02:00:00
I01023,U0020,C010,quiz_passed,0.849,1.0,0.786,2025-11-25T04:00:00
I01024,U0031,C058,completed,0.475,1.0,,2025-11-25T06:00:00
I01025,U0182,C017,viewed,0.546,0.5,0.528,2025-11-25T08:00:00
I01026,U0027,C029,viewed,0.106,0.071,,2025-11-25T10:00:00
I01027,U0019,C035,completed,0.477,1.0,,2025-11-25T12:00:00
I01028,U0180,C038,quiz_passed,0.798,1.0,0.678,2025-11-25T14:00:00
I01029,U0092,C002,completed,0.478,1.0,,2025-11-25T16:00:00
I01030,U0001,C058,disliked,0.296,0.05,0.311,2025-11-25T18:00:00
I01031,U0235,C048,completed,0.543,1.0,,2025-11-25T20:00:00
I01032,U0152,C002,viewed,0.394,0.63,,2025-11-25T22:00:00
I01033,U0070,C043,completed,0.534,1.0,,2025-11-26T00:00:00
I01034,U0173,C014,completed,0.493,1.0,,2025-11-26T02:00:00
I01035,U0187,C058,completed,0.574,1.0,,2025-11-26T04:00:00
I01036,U0246,C025,completed,0.556,1.0,,2025-11-26T06:00:00
I01037,U0241,C005,viewed,0.225,0.23,,2025-11-26T08:00:00
I01038,U0045,C044,quiz_passed,0.831,1.0,0.737,2025-11-26T10:00:00
I01039,U0098,C001,completed,0.47,1.0,,2025-11-26T12:00:00
I01040,U0233,C045,completed,0.643,1.0,0.427,2025-11-26T14:00:00
I01041,U0151,C029,quiz_passed,0.853,1.0,0.789,2025-11-26T16:00:00
I01042,U0001,C003,viewed,0.3,0.34,,2025-11-26T18:00:00
I01043,U0127,C047,viewed,0.282,0.53,,2025-11-26T20:00:00
I01044,U0129,C046,viewed,0.206,0.031,,2025-11-26T22:00:00
I01045,U0245,C057,viewed,0.116,0.002,,2025-11-27T00:00:00
I01046,U0161,C001,completed,0.844,1.0,0.781,2025-11-27T02:00:00
I01047,U0052,C045,disliked,0.143,0.17,,2025-11-27T04:00:00
I01048,U0143,C058,viewed,0.164,0.008,,2025-11-27T06:00:00
I01049,U0203,C017,completed,0.551,1.0,,2025-11-27T08:00:00
I01050,U0234,C047,viewed,0.395,0.22,0.53,2025-11-27T10:00:00
I01051,U0094,C001,completed,0.513,1.0,,2025-11-27T12:00:00
I01052,U0088,C017,viewed,0.362,0.42,0.329,2025-11-27T14:00:00
I01053,U0098,C030,viewed,0.225,0.061,,2025-11-27T16:00:00
I01054,U0176,C033,completed,0.563,1.0,,2025-11-27T18:00:00
I01055,U0093,C015,quiz_passed,0.877,1.0,0.864,2025-11-27T20:00:00
I01056,U0093,C011,quiz_passed,0.854,1.0,0.842,2025-11-27T22:00:00
I01057,U0196,C005,completed,0.536,1.0,,2025-11-28T00:00:00
I01058,U0065,C058,completed,0.507,1.0,,2025-11-28T02:00:00
I01059,U0042,C009,quiz_passed,0.795,1.0,0.617,2025-11-28T04:00:00
I01060,U0241,C046,viewed,0.186,0.04,,2025-11-28T06:00:00
I01061,U0167,C016,completed,0.46,1.0,,2025-11-28T08:00:00
I01062,U0162,C001,viewed,0.298,0.065,,2025-11-28T10:00:00
I01063,U0123,C001,completed,0.507,1.0,,2025-11-28T12:00:00
I01064,U0047,C006,completed,0.519,1.0,,2025-11-28T14:00:00
I01065,U0087,C046,viewed,0.117,0.047,,2025-11-28T16:00:00
I01066,U0178,C043,completed,0.575,1.0,,2025-11-28T18:00:00
I01067,U0202,C015,completed,0.523,1.0,,2025-11-28T20:00:00
I01068,U0003,C028,quiz_passed,0.731,1.0,0.62,2025-11-28T22:00:00
I01069,U0174,C047,viewed,0.369,0.29,0.428,2025-11-29T00:00:00
I01070,U0224,C054,completed,0.528,1.0,,2025-11-29T02:00:00
I01071,U0138,C010,viewed,0.271,0.013,,2025-11-29T04:00:00
I01072,U0217,C016,disliked,0.195,0.19,,2025-11-29T06:00:00
I01073,U0006,C048,quiz_passed,0.816,1.0,0.858,2025-11-29T08:00:00
I01074,U0121,C028,completed,0.472,1.0,,2025-11-29T10:00:00
I01075,U0159,C044,completed,0.496,1.0,,2025-11-29T12:00:00
I01076,U0175,C057,viewed,0.167,0.052,,2025-11-29T14:00:00
I01077,U0195,C048,completed,0.494,1.0,,2025-11-29T16:00:00
I01078,U0075,C020,viewed,0.11,0.019,,2025-11-29T18:00:00
I01079,U0102,C009,viewed,0.216,0.094,,2025-11-29T20:00:00
I01080,U0040,C046,viewed,0.432,0.43,0.23,2025-11-29T22:00:00
I01081,U0023,C033,quiz_passed,0.84,1.0,0.686,2025-11-30T00:00:00
I01082,U0195,C010,completed,0.465,1.0,,2025-11-30T02:00:00
I01083,U0178,C010,completed,0.729,1.0,0.59,2025-11-30T04:00:00
I01084,U0032,C051,quiz_passed,0.806,1.0,0.635,2025-11-30T06:00:00
I01085,U0220,C002,completed,0.537,1.0,,2025-11-30T08:00:00
I01086,U0175,C057,quiz_passed,0.82,1.0,0.756,2025-11-30T10:00:00
I01087,U0107,C046,completed,0.514,1.0,,2025-11-30T12:00:00
I01088,U0074,C005,completed,0.514,1.0,,2025-11-30T14:00:00
I01089,U0108,C010,viewed,0.258,0.2,0.283,2025-11-30T16:00:00
I01090,U0144,C001,completed,0.486,1.0,,2025-11-30T18:00:00
I01091,U0149,C001,quiz_passed,0.815,1.0,0.724,2025-11-30T20:00:00
I01092,U0222,C003,viewed,0.613,0.58,0.548,2025-11-30T22:00:00
I01093,U0087,C006,quiz_passed,0.359,0.01,0.648,2025-12-01T00:00:00
I01094,U0187,C015,viewed,0.173,0.054,,2025-12-01T02:00:00
I01095,U0032,C013,completed,0.578,1.0,,2025-12-01T04:00:00
I01096,U0195,C003,completed,0.543,1.0,,2025-12-01T06:00:00
I01097,U0016,C047,viewed,0.16,0.024,,2025-12-01T08:00:00
I01098,U0202,C050,viewed,0.431,0.27,0.569,2025-12-01T10:00:00
I01099,U0089,C045,viewed,0.528,0.69,0.343,2025-12-01T12:00:00
I01100,U0043,C053,quiz_passed,0.818,1.0,0.707,2025-12-01T14:00:00
I01101,U0071,C005,viewed,0.1,0.055,,2025-12-01T16:00:00
I01102,U0222,C008,quiz_passed,0.757,1.0,0.698,2025-12-01T18:00:00
I01103,U0114,C002,completed,0.553,1.0,,2025-12-01T20:00:00
I01104,U0136,C046,viewed,0.285,0.005,,2025-12-01T22:00:00
I01105,U0052,C044,viewed,0.399,0.34,0.283,2025-12-02T00:00:00
I01106,U0020,C042,quiz_passed,0.831,1.0,0.824,2025-12-02T02:00:00
I01107,U0226,C041,completed,0.651,1.0,0.424,2025-12-02T04:00:00
I01108,U0216,C057,viewed,0.347,0.3,0.36,2025-12-02T06:00:00
I01109,U0078,C020,viewed,0.29,0.34,,2025-12-02T08:00:00
I01110,U0007,C044,viewed,0.208,0.045,,2025-12-02T10:00:00
I01111,U0112,C035,viewed,0.161,0.015,,2025-12-02T12:00:00
I01112,U0173,C006,viewed,0.226,0.27,,2025-12-02T14:00:00
I01113,U0075,C041,completed,0.525,1.0,,2025-12-02T16:00:00
I01114,U0038,C005,viewed,0.295,0.56,,2025-12-02T18:00:00
I01115,U0140,C010,viewed,0.138,0.068,,2025-12-02T20:00:00
I01116,U0153,C004,completed,0.58,1.0,,2025-12-02T22:00:00
I01117,U0126,C029,completed,0.82,1.0,0.742,2025-12-03T00:00:00
I01118,U0157,C041,viewed,0.4,0.54,0.212,2025-12-03T02:00:00
I01119,U0072,C054,completed,0.481,1.0,,2025-12-03T04:00:00
I01120,U0008,C026,quiz_passed,0.747,1.0,0.677,2025-12-03T06:00:00
I01121,U0045,C039,quiz_passed,0.763,1.0,0.606,2025-12-03T08:00:00
I01122,U0202,C003,quiz_passed,0.816,1.0,0.696,2025-12-03T10:00:00
I01123,U0214,C046,viewed,0.232,0.013,,2025-12-03T12:00:00
I01124,U0123,C010,completed,0.68,1.0,0.432,2025-12-03T14:00:00
I01125,U0142,C058,quiz_passed,0.81,1.0,0.731,2025-12-03T16:00:00
I01126,U0074,C043,completed,0.479,1.0,,2025-12-03T18:00:00
I01127,U0192,C001,quiz_passed,0.831,1.0,0.642,2025-12-03T20:00:00
I01128,U0030,C002,completed,0.756,1.0,0.574,2025-12-03T22:00:00
I01129,U0138,C043,completed,0.521,1.0,,2025-12-04T00:00:00
I01130,U0026,C045,completed,0.577,1.0,,2025-12-04T02:00:00
I01131,U0221,C042,quiz_passed,0.886,1.0,0.877,2025-12-04T04:00:00
I01132,U0078,C048,disliked,0.453,0.17,0.576,2025-12-04T06:00:00
I01133,U0187,C001,viewed,0.266,0.059,,2025-12-04T08:00:00
I01134,U0119,C005,quiz_passed,0.854,1.0,0.802,2025-12-04T10:00:00
I01135,U0213,C046,viewed,0.271,0.08,,2025-12-04T12:00:00
I01136,U0175,C003,completed,0.506,1.0,,2025-12-04T14:00:00
I01137,U0180,C015,completed,0.813,1.0,0.863,2025-12-04T16:00:00
I01138,U0096,C005,quiz_passed,0.819,1.0,0.762,2025-12-04T18:00:00
I01139,U0224,C010,quiz_passed,0.835,1.0,0.653,2025-12-04T20:00:00
I01140,U0098,C046,viewed,0.156,0.096,,2025-12-04T22:00:00
I01141,U0129,C045,completed,0.684,1.0,0.477,2025-12-05T00:00:00
I01142,U0169,C045,quiz_passed,0.798,1.0,0.758,2025-12-05T02:00:00
I01143,U0221,C010,quiz_passed,0.868,1.0,0.771,2025-12-05T04:00:00
I01144,U0197,C057,completed,0.81,1.0,0.639,2025-12-05T06:00:00
I01145,U0163,C045,completed,0.5,1.0,,2025-12-05T08:00:00
I01146,U0109,C005,disliked,0.211,0.07,0.295,2025-12-05T10:00:00
I01147,U0063,C050,completed,0.578,1.0,,2025-12-05T12:00:00
I01148,U0100,C013,completed,0.482,1.0,,2025-12-05T14:00:00
I01149,U0126,C013,viewed,0.493,0.53,0.418,2025-12-05T16:00:00
I01150,U0094,C002,viewed,0.414,0.47,0.407,2025-12-05T18:00:00
I01151,U0175,C041,viewed,0.356,0.22,0.415,2025-12-05T20:00:00
I01152,U0145,C010,viewed,0.327,0.57,,2025-12-05T22:00:00
I01153,U0144,C044,completed,0.806,1.0,0.625,2025-12-06T00:00:00
I01154,U0082,C005,completed,0.487,1.0,,2025-12-06T02:00:00
I01155,U0021,C008,completed,0.756,1.0,0.572,2025-12-06T04:00:00
I01156,U0167,C058,quiz_passed,0.812,1.0,0.656,2025-12-06T06:00:00
I01157,U0044,C049,completed,0.535,1.0,,2025-12-06T08:00:00
I01158,U0045,C038,completed,0.722,1.0,0.557,2025-12-06T10:00:00
I01159,U0217,C005,completed,0.754,1.0,0.441,2025-12-06T12:00:00
I01160,U0045,C056,completed,0.539,1.0,,2025-12-06T14:00:00
I01161,U0015,C046,viewed,0.266,0.044,,2025-12-06T16:00:00
I01162,U0234,C002,viewed,0.289,0.48,,2025-12-06T18:00:00
I01163,U0023,C045,completed,0.757,1.0,0.584,2025-12-06T20:00:00
I01164,U0232,C046,completed,0.679,1.0,0.457,2025-12-06T22:00:00
I01165,U0047,C058,completed,0.718,1.0,0.595,2025-12-07T00:00:00
I01166,U0058,C003,completed,0.547,1.0,,2025-12-07T02:00:00
I01167,U0030,C044,completed,0.717,1.0,0.492,2025-12-07T04:00:00
I01168,U0163,C009,completed,0.526,1.0,,2025-12-07T06:00:00
I01169,U0042,C029,completed,0.462,1.0,,2025-12-07T08:00:00
I01170,U0144,C002,quiz_passed,0.846,1.0,0.705,2025-12-07T10:00:00
I01171,U0169,C046,completed,0.555,1.0,,2025-12-07T12:00:00
I01172,U0072,C037,viewed,0.25,0.06,,2025-12-07T14:00:00
I01173,U0121,C045,completed,0.785,1.0,0.668,2025-12-07T16:00:00
I01174,U0095,C054,quiz_passed,0.874,1.0,0.797,2025-12-07T18:00:00
I01175,U0129,C026,completed,0.667,1.0,0.428,2025-12-07T20:00:00
I01176,U0144,C045,quiz_passed,0.742,1.0,0.683,2025-12-07T22:00:00
I01177,U0227,C051,quiz_passed,0.794,1.0,0.717,2025-12-08T00:00:00
I01178,U0095,C049,quiz_passed,0.775,1.0,0.765,2025-12-08T02:00:00
I01179,U0149,C014,completed,0.466,1.0,,2025-12-08T04:00:00
I01180,U0157,C004,viewed,0.241,0.22,0.199,2025-12-08T06:00:00
I01181,U0123,C002,disliked,0.157,0.09,,2025-12-08T08:00:00
I01182,U0085,C050,completed,0.551,1.0,,2025-12-08T10:00:00
I01183,U0152,C026,disliked,0.27,0.06,0.46,2025-12-08T12:00:00
I01184,U0084,C017,completed,0.481,1.0,,2025-12-08T14:00:00
I01185,U0006,C013,completed,0.531,1.0,,2025-12-08T16:00:00
I01186,U0241,C049,quiz_passed,0.794,1.0,0.713,2025-12-08T18:00:00
I01187,U0046,C011,completed,0.554,1.0,,2025-12-08T20:00:00
I01188,U0139,C054,quiz_passed,0.805,1.0,0.784,2025-12-08T22:00:00
I01189,U0137,C017,completed,0.719,1.0,0.568,2025-12-09T00:00:00
I01190,U0006,C042,completed,0.904,1.0,0.868,2025-12-09T02:00:00
I01191,U0034,C010,completed,0.636,1.0,0.439,2025-12-09T04:00:00
I01192,U0029,C013,completed,0.713,1.0,0.43,2025-12-09T06:00:00
I01193,U0162,C047,viewed,0.192,0.09,,2025-12-09T08:00:00
I01194,U0226,C041,viewed,0.415,0.63,,2025-12-09T10:00:00
I01195,U0001,C008,viewed,0.225,0.094,,2025-12-09T12:00:00
I01196,U0218,C046,viewed,0.193,0.024,,2025-12-09T14:00:00
I01197,U0159,C011,completed,0.777,1.0,0.552,2025-12-09T16:00:00
I01198,U0093,C010,completed,0.538,1.0,,2025-12-09T18:00:00
I01199,U0001,C050,completed,0.497,1.0,,2025-12-09T20:00:00
I01200,U0072,C006,quiz_passed,0.823,1.0,0.693,2025-12-09T22:00:00
I01201,U0038,C046,viewed,0.191,0.01,,2025-12-10T00:00:00
I01202,U0144,C001,disliked,0.387,0.14,0.57,2025-12-10T02:00:00
I01203,U0007,C006,viewed,0.144,0.08,,2025-12-10T04:00:00
I01204,U0244,C030,viewed,0.223,0.36,,2025-12-10T06:00:00
I01205,U0005,C051,viewed,0.422,0.37,0.322,2025-12-10T08:00:00
I01206,U0036,C018,quiz_passed,0.777,1.0,0.602,2025-12-10T10:00:00
I01207,U0094,C013,viewed,0.379,0.3,0.298,2025-12-10T12:00:00
I01208,U0135,C057,completed,0.777,1.0,0.604,2025-12-10T14:00:00
I01209,U0173,C004,completed,0.462,1.0,,2025-12-10T16:00:00
I01210,U0074,C050,viewed,0.29,0.42,,2025-12-10T18:00:00
I01211,U0174,C025,completed,0.471,1.0,,2025-12-10T20:00:00
I01212,U0181,C048,viewed,0.146,0.038,,2025-12-10T22:00:00
I01213,U0168,C013,disliked,0.149,0.12,,2025-12-11T00:00:00
I01214,U0045,C058,completed,0.576,1.0,,2025-12-11T02:00:00
I01215,U0065,C010,viewed,0.142,0.097,,2025-12-11T04:00:00
I01216,U0129,C017,completed,0.725,1.0,0.596,2025-12-11T06:00:00
I01217,U0108,C001,quiz_passed,0.739,1.0,0.601,2025-12-11T08:00:00
I01218,U0157,C011,viewed,0.184,0.058,,2025-12-11T10:00:00
I01219,U0038,C046,viewed,0.138,0.008,,2025-12-11T12:00:00
I01220,U0060,C045,viewed,0.412,0.22,0.408,2025-12-11T14:00:00
I01221,U0052,C009,viewed,0.182,0.058,,2025-12-11T16:00:00
I01222,U0002,C049,completed,0.462,1.0,,2025-12-11T18:00:00
I01223,U0088,C051,viewed,0.164,0.078,,2025-12-11T20:00:00
I01224,U0209,C006,completed,0.734,1.0,0.669,2025-12-11T22:00:00
I01225,U0152,C053,completed,0.524,1.0,,2025-12-12T00:00:00
I01226,U0143,C048,completed,0.832,1.0,0.761,2025-12-12T02:00:00
I01227,U0052,C010,completed,0.753,1.0,0.458,2025-12-12T04:00:00
I01228,U0088,C033,viewed,0.284,0.086,,2025-12-12T06:00:00
I01229,U0217,C001,viewed,0.342,0.21,0.422,2025-12-12T08:00:00
I01230,U0012,C058,quiz_passed,0.748,1.0,0.667,2025-12-12T10:00:00
I01231,U0076,C028,completed,0.805,1.0,0.771,2025-12-12T12:00:00
I01232,U0212,C046,viewed,0.17,0.09,,2025-12-12T14:00:00
I01233,U0072,C046,viewed,0.404,0.48,0.219,2025-12-12T16:00:00
I01234,U0118,C016,viewed,0.253,0.079,,2025-12-12T18:00:00
I01235,U0147,C001,completed,0.522,1.0,,2025-12-12T20:00:00
I01236,U0224,C010,viewed,0.254,0.063,,2025-12-12T22:00:00
I01237,U0071,C002,completed,0.772,1.0,0.613,2025-12-13T00:00:00
I01238,U0222,C051,completed,0.553,1.0,,2025-12-13T02:00:00
I01239,U0005,C054,completed,0.481,1.0,,2025-12-13T04:00:00
I01240,U0005,C044,disliked,0.217,0.0,0.268,2025-12-13T06:00:00
I01241,U0167,C028,quiz_passed,0.776,1.0,0.647,2025-12-13T08:00:00
I01242,U0157,C036,completed,0.685,1.0,0.477,2025-12-13T10:00:00
I01243,U0115,C003,viewed,0.428,0.32,0.32,2025-12-13T12:00:00
I01244,U0113,C005,completed,0.542,1.0,,2025-12-13T14:00:00
I01245,U0164,C046,completed,0.532,1.0,,2025-12-13T16:00:00
I01246,U0044,C046,quiz_passed,0.814,1.0,0.634,2025-12-13T18:00:00
I01247,U0180,C046,quiz_passed,0.813,1.0,0.601,2025-12-13T20:00:00
I01248,U0135,C016,viewed,0.47,0.56,0.319,2025-12-13T22:00:00
I01249,U0151,C046,viewed,0.43,0.64,0.253,2025-12-14T00:00:00
I01250,U0042,C035,completed,0.566,1.0,,2025-12-14T02:00:00
I01251,U0221,C005,viewed,0.269,0.3,,2025-12-14T04:00:00
I01252,U0170,C011,completed,0.504,1.0,,2025-12-14T06:00:00
I01253,U0045,C055,viewed,0.294,0.07,,2025-12-14T08:00:00
I01254,U0088,C026,viewed,0.195,0.055,,2025-12-14T10:00:00
I01255,U0025,C035,completed,0.564,1.0,,2025-12-14T12:00:00
I01256,U0065,C020,completed,0.679,1.0,0.283,2025-12-14T14:00:00
I01257,U0035,C046,completed,0.476,1.0,,2025-12-14T16:00:00
I01258,U0050,C016,quiz_passed,0.789,1.0,0.677,2025-12-14T18:00:00
I01259,U0069,C026,viewed,0.278,0.24,0.226,2025-12-14T20:00:00
I01260,U0150,C044,viewed,0.279,0.083,,2025-12-14T22:00:00
I01261,U0244,C035,completed,0.73,1.0,0.625,2025-12-15T00:00:00
I01262,U0061,C008,completed,0.778,1.0,0.758,2025-12-15T02:00:00
I01263,U0140,C016,viewed,0.113,0.036,,2025-12-15T04:00:00
I01264,U0247,C057,completed,0.739,1.0,0.693,2025-12-15T06:00:00
I01265,U0144,C005,viewed,0.504,0.49,0.321,2025-12-15T08:00:00
I01266,U0186,C054,quiz_passed,0.857,1.0,0.739,2025-12-15T10:00:00
I01267,U0190,C002,completed,0.547,1.0,,2025-12-15T12:00:00
I01268,U0054,C030,quiz_passed,0.769,1.0,0.655,2025-12-15T14:00:00
I01269,U0084,C035,viewed,0.253,0.34,,2025-12-15T16:00:00
I01270,U0099,C042,viewed,0.266,0.32,,2025-12-15T18:00:00
I01271,U0006,C049,quiz_passed,0.903,1.0,0.811,2025-12-15T20:00:00
I01272,U0148,C058,disliked,0.18,0.17,,2025-12-15T22:00:00
I01273,U0001,C008,quiz_passed,0.832,1.0,0.678,2025-12-16T00:00:00
I01274,U0231,C045,viewed,0.335,0.35,0.32,2025-12-16T02:00:00
I01275,U0190,C044,quiz_passed,0.734,1.0,0.627,2025-12-16T04:00:00
I01276,U0202,C042,viewed,0.525,0.61,0.538,2025-12-16T06:00:00
I01277,U0195,C030,completed,0.497,1.0,,2025-12-16T08:00:00
I01278,U0224,C016,completed,0.494,1.0,,2025-12-16T10:00:00
I01279,U0066,C047,viewed,0.148,0.039,,2025-12-16T12:00:00
I01280,U0086,C013,viewed,0.236,0.094,,2025-12-16T14:00:00
I01281,U0218,C046,viewed,0.422,0.41,0.444,2025-12-16T16:00:00
I01282,U0178,C047,viewed,0.599,0.65,0.554,2025-12-16T18:00:00
I01283,U0092,C045,viewed,0.114,0.041,,2025-12-16T20:00:00
I01284,U0091,C047,viewed,0.388,0.54,,2025-12-16T22:00:00
I01285,U0152,C015,completed,0.869,1.0,0.877,2025-12-17T00:00:00
I01286,U0016,C049,completed,0.474,1.0,,2025-12-17T02:00:00
I01287,U0232,C046,disliked,0.341,0.19,0.225,2025-12-17T04:00:00
I01288,U0096,C010,completed,0.808,1.0,0.716,2025-12-17T06:00:00
I01289,U0224,C016,quiz_passed,0.879,1.0,0.759,2025-12-17T08:00:00
I01290,U0115,C029,viewed,0.297,0.073,,2025-12-17T10:00:00
I01291,U0092,C016,completed,0.818,1.0,0.72,2025-12-17T12:00:00
I01292,U0110,C048,viewed,0.208,0.35,,2025-12-17T14:00:00
I01293,U0208,C003,quiz_passed,0.871,1.0,0.798,2025-12-17T16:00:00
I01294,U0156,C005,viewed,0.353,0.64,,2025-12-17T18:00:00
I01295,U0071,C058,completed,0.722,1.0,0.578,2025-12-17T20:00:00
I01296,U0098,C001,viewed,0.205,0.097,,2025-12-17T22:00:00
I01297,U0145,C045,completed,0.518,1.0,,2025-12-18T00:00:00
I01298,U0098,C035,quiz_passed,0.847,1.0,0.808,2025-12-18T02:00:00
I01299,U0049,C008,completed,0.57,1.0,,2025-12-18T04:00:00
I01300,U0189,C030,completed,0.498,1.0,,2025-12-18T06:00:00
I01301,U0169,C045,viewed,0.441,0.28,0.598,2025-12-18T08:00:00
I01302,U0214,C054,completed,0.543,1.0,,2025-12-18T10:00:00
I01303,U0034,C010,viewed,0.264,0.45,,2025-12-18T12:00:00
I01304,U0004,C045,viewed,0.297,0.063,,2025-12-18T14:00:00
I01305,U0060,C045,completed,0.738,1.0,0.599,2025-12-18T16:00:00
I01306,U0097,C017,completed,0.545,1.0,,2025-12-18T18:00:00
I01307,U0197,C043,viewed,0.485,0.51,0.37,2025-12-18T20:00:00
I01308,U0060,C046,viewed,0.268,0.055,,2025-12-18T22:00:00
I01309,U0138,C019,viewed,0.233,0.005,,2025-12-19T00:00:00
I01310,U0163,C054,completed,0.816,1.0,0.678,2025-12-19T02:00:00
I01311,U0143,C015,viewed,0.227,0.02,,2025-12-19T04:00:00
I01312,U0128,C015,viewed,0.162,0.003,,2025-12-19T06:00:00
I01313,U0223,C017,viewed,0.277,0.29,,2025-12-19T08:00:00
I01314,U0161,C035,viewed,0.409,0.63,,2025-12-19T10:00:00
I01315,U0014,C045,viewed,0.505,0.5,0.566,2025-12-19T12:00:00
I01316,U0205,C044,completed,0.545,1.0,,2025-12-19T14:00:00
I01317,U0044,C028,quiz_passed,0.615,0.59,0.681,2025-12-19T16:00:00
I01318,U0082,C044,viewed,0.455,0.52,0.388,2025-12-19T18:00:00
I01319,U0030,C043,viewed,0.246,0.36,,2025-12-19T20:00:00
I01320,U0033,C046,quiz_passed,0.772,1.0,0.617,2025-12-19T22:00:00
I01321,U0063,C041,viewed,0.483,0.56,0.282,2025-12-20T00:00:00
I01322,U0043,C050,viewed,0.166,0.093,,2025-12-20T02:00:00
I01323,U0197,C010,viewed,0.226,0.014,,2025-12-20T04:00:00
I01324,U0141,C013,completed,0.763,1.0,0.579,2025-12-20T06:00:00
I01325,U0018,C018,completed,0.541,1.0,,2025-12-20T08:00:00
I01326,U0065,C009,completed,0.727,1.0,0.601,2025-12-20T10:00:00
I01327,U0127,C002,completed,0.462,1.0,,2025-12-20T12:00:00
I01328,U0013,C028,quiz_passed,0.831,1.0,0.777,2025-12-20T14:00:00
I01329,U0242,C006,completed,0.546,1.0,,2025-12-20T16:00:00
I01330,U0131,C050,completed,0.489,1.0,,2025-12-20T18:00:00
I01331,U0066,C054,viewed,0.324,0.29,0.367,2025-12-20T20:00:00
I01332,U0118,C014,disliked,0.097,0.02,,2025-12-20T22:00:00
I01333,U0076,C054,completed,0.511,1.0,,2025-12-21T00:00:00
I01334,U0212,C046,completed,0.573,1.0,,2025-12-21T02:00:00
I01335,U0126,C045,completed,0.709,1.0,0.576,2025-12-21T04:00:00
I01336,U0062,C013,completed,0.64,1.0,0.403,2025-12-21T06:00:00
I01337,U0084,C053,viewed,0.516,0.63,0.326,2025-12-21T08:00:00
I01338,U0104,C008,viewed,0.446,0.5,0.358,2025-12-21T10:00:00
I01339,U0119,C005,quiz_passed,0.763,1.0,0.749,2025-12-21T12:00:00
I01340,U0049,C005,viewed,0.275,0.25,,2025-12-21T14:00:00
I01341,U0075,C045,completed,0.798,1.0,0.596,2025-12-21T16:00:00
I01342,U0246,C044,disliked,0.278,0.19,0.274,2025-12-21T18:00:00
I01343,U0043,C006,viewed,0.12,0.071,,2025-12-21T20:00:00
I01344,U0248,C019,disliked,0.323,0.11,0.355,2025-12-21T22:00:00
I01345,U0115,C001,viewed,0.279,0.054,,2025-12-22T00:00:00
I01346,U0145,C008,quiz_passed,0.836,1.0,0.729,2025-12-22T02:00:00
I01347,U0035,C013,disliked,0.354,0.18,0.31,2025-12-22T04:00:00
I01348,U0037,C015,completed,0.867,1.0,0.766,2025-12-22T06:00:00
I01349,U0151,C003,quiz_passed,0.782,1.0,0.742,2025-12-22T08:00:00
I01350,U0169,C001,quiz_passed,0.655,0.5,0.716,2025-12-22T10:00:00
I01351,U0135,C025,completed,0.529,1.0,,2025-12-22T12:00:00
I01352,U0001,C020,viewed,0.107,0.01,,2025-12-22T14:00:00
I01353,U0028,C001,completed,0.561,1.0,,2025-12-22T16:00:00
I01354,U0222,C046,completed,0.732,1.0,0.463,2025-12-22T18:00:00
I01355,U0008,C011,quiz_passed,0.867,1.0,0.725,2025-12-22T20:00:00
I01356,U0247,C043,completed,0.579,1.0,,2025-12-22T22:00:00
I01357,U0110,C001,viewed,0.107,0.084,,2025-12-23T00:00:00
I01358,U0120,C005,viewed,0.347,0.58,,2025-12-23T02:00:00
I01359,U0205,C011,viewed,0.127,0.09,,2025-12-23T04:00:00
I01360,U0048,C011,viewed,0.25,0.093,,2025-12-23T06:00:00
I01361,U0106,C020,viewed,0.228,0.27,,2025-12-23T08:00:00
I01362,U0125,C043,quiz_passed,0.854,1.0,0.691,2025-12-23T10:00:00
I01363,U0013,C043,quiz_passed,0.767,1.0,0.697,2025-12-23T12:00:00
I01364,U0161,C046,viewed,0.225,0.042,,2025-12-23T14:00:00
I01365,U0243,C009,quiz_passed,0.794,1.0,0.68,2025-12-23T16:00:00
I01366,U0099,C016,completed,0.547,1.0,,2025-12-23T18:00:00
I01367,U0071,C045,viewed,0.105,0.03,,2025-12-23T20:00:00
I01368,U0207,C057,completed,0.48,1.0,,2025-12-23T22:00:00
I01369,U0127,C042,viewed,0.486,0.35,0.453,2025-12-24T00:00:00
I01370,U0234,C044,completed,0.792,1.0,0.553,2025-12-24T02:00:00
I01371,U0154,C009,completed,0.746,1.0,0.589,2025-12-24T04:00:00
I01372,U0247,C005,completed,0.559,1.0,,2025-12-24T06:00:00
I01373,U0002,C033,completed,0.689,1.0,0.545,2025-12-24T08:00:00
I01374,U0098,C054,completed,0.568,1.0,,2025-12-24T10:00:00
I01375,U0144,C016,viewed,0.291,0.56,,2025-12-24T12:00:00
I01376,U0035,C046,viewed,0.397,0.46,0.127,2025-12-24T14:00:00
I01377,U0020,C049,completed,0.543,1.0,,2025-12-24T16:00:00
I01378,U0124,C049,quiz_passed,0.806,1.0,0.731,2025-12-24T18:00:00
I01379,U0106,C026,quiz_passed,0.829,1.0,0.64,2025-12-24T20:00:00
I01380,U0006,C011,quiz_passed,0.607,0.44,0.645,2025-12-24T22:00:00
I01381,U0247,C005,completed,0.732,1.0,0.607,2025-12-25T00:00:00
I01382,U0212,C050,disliked,0.203,0.08,,2025-12-25T02:00:00
I01383,U0180,C040,viewed,0.253,0.012,,2025-12-25T04:00:00
I01384,U0038,C042,quiz_passed,0.853,1.0,0.705,2025-12-25T06:00:00
I01385,U0150,C028,completed,0.707,1.0,0.597,2025-12-25T08:00:00
I01386,U0230,C051,viewed,0.58,0.67,0.384,2025-12-25T10:00:00
I01387,U0146,C043,viewed,0.284,0.026,,2025-12-25T12:00:00
I01388,U0156,C001,viewed,0.162,0.08,,2025-12-25T14:00:00
I01389,U0048,C035,completed,0.462,1.0,,2025-12-25T16:00:00
I01390,U0211,C047,viewed,0.15,0.096,,2025-12-25T18:00:00
I01391,U0164,C025,quiz_passed,0.856,1.0,0.869,2025-12-25T20:00:00
I01392,U0007,C058,quiz_passed,0.791,1.0,0.759,2025-12-25T22:00:00
I01393,U0045,C008,quiz_passed,0.881,1.0,0.836,2025-12-26T00:00:00
I01394,U0084,C001,completed,0.753,1.0,0.664,2025-12-26T02:00:00
I01395,U0176,C051,viewed,0.446,0.48,0.395,2025-12-26T04:00:00
I01396,U0086,C043,completed,0.749,1.0,0.712,2025-12-26T06:00:00
I01397,U0012,C054,viewed,0.296,0.048,,2025-12-26T08:00:00
I01398,U0108,C005,viewed,0.215,0.09,,2025-12-26T10:00:00
I01399,U0043,C005,viewed,0.397,0.4,0.361,2025-12-26T12:00:00
I01400,U0126,C005,viewed,0.478,0.38,0.415,2025-12-26T14:00:00
I01401,U0089,C010,viewed,0.425,0.5,0.354,2025-12-26T16:00:00
I01402,U0145,C013,viewed,0.548,0.66,0.399,2025-12-26T18:00:00
I01403,U0122,C057,completed,0.517,1.0,,2025-12-26T20:00:00
I01404,U0138,C025,completed,0.545,1.0,,2025-12-26T22:00:00
I01405,U0237,C054,quiz_passed,0.791,1.0,0.651,2025-12-27T00:00:00
I01406,U0113,C044,completed,0.488,1.0,,2025-12-27T02:00:00
I01407,U0103,C019,completed,0.565,1.0,,2025-12-27T04:00:00
I01408,U0168,C006,disliked,0.325,0.07,0.503,2025-12-27T06:00:00
I01409,U0119,C053,viewed,0.294,0.4,,2025-12-27T08:00:00
I01410,U0158,C053,completed,0.528,1.0,,2025-12-27T10:00:00
I01411,U0179,C047,quiz_passed,0.85,1.0,0.862,2025-12-27T12:00:00
I01412,U0097,C047,completed,0.926,1.0,0.879,2025-12-27T14:00:00
I01413,U0026,C045,viewed,0.281,0.046,,2025-12-27T16:00:00
I01414,U0120,C016,quiz_passed,0.802,1.0,0.611,2025-12-27T18:00:00
I01415,U0144,C044,completed,0.534,1.0,,2025-12-27T20:00:00
I01416,U0183,C044,completed,0.55,1.0,,2025-12-27T22:00:00
I01417,U0131,C046,viewed,0.192,0.024,,2025-12-28T00:00:00
I01418,U0013,C045,quiz_passed,0.793,1.0,0.601,2025-12-28T02:00:00
I01419,U0240,C046,viewed,0.403,0.62,0.214,2025-12-28T04:00:00
I01420,U0093,C046,completed,0.485,1.0,,2025-12-28T06:00:00
I01421,U0205,C057,quiz_passed,0.843,1.0,0.796,2025-12-28T08:00:00
I01422,U0219,C053,viewed,0.548,0.52,0.525,2025-12-28T10:00:00
I01423,U0093,C009,completed,0.479,1.0,,2025-12-28T12:00:00
I01424,U0109,C016,completed,0.806,1.0,0.67,2025-12-28T14:00:00
I01425,U0168,C013,disliked,0.399,0.14,0.434,2025-12-28T16:00:00
I01426,U0150,C045,disliked,0.237,0.08,0.213,2025-12-28T18:00:00
I01427,U0013,C046,completed,0.492,1.0,,2025-12-28T20:00:00
I01428,U0019,C041,completed,0.715,1.0,0.465,2025-12-28T22:00:00
I01429,U0114,C045,completed,0.512,1.0,,2025-12-29T00:00:00
I01430,U0091,C009,quiz_passed,0.787,1.0,0.767,2025-12-29T02:00:00
I01431,U0240,C049,quiz_passed,0.8,1.0,0.74,2025-12-29T04:00:00
I01432,U0044,C044,quiz_passed,0.813,1.0,0.702,2025-12-29T06:00:00
I01433,U0080,C045,completed,0.468,1.0,,2025-12-29T08:00:00
I01434,U0119,C057,completed,0.572,1.0,,2025-12-29T10:00:00
I01435,U0012,C043,quiz_passed,0.79,1.0,0.635,2025-12-29T12:00:00
I01436,U0138,C054,viewed,0.187,0.056,,2025-12-29T14:00:00
I01437,U0099,C005,viewed,0.237,0.42,,2025-12-29T16:00:00
I01438,U0232,C030,completed,0.811,1.0,0.766,2025-12-29T18:00:00
I01439,U0015,C013,quiz_passed,0.727,1.0,0.643,2025-12-29T20:00:00
I01440,U0167,C015,viewed,0.296,0.022,,2025-12-29T22:00:00
I01441,U0175,C004,viewed,0.199,0.044,,2025-12-30T00:00:00
I01442,U0113,C002,quiz_passed,0.754,1.0,0.723,2025-12-30T02:00:00
I01443,U0123,C028,quiz_passed,0.753,1.0,0.675,2025-12-30T04:00:00
I01444,U0153,C041,viewed,0.45,0.63,0.211,2025-12-30T06:00:00
I01445,U0008,C016,completed,0.532,1.0,,2025-12-30T08:00:00
I01446,U0175,C046,completed,0.533,1.0,,2025-12-30T10:00:00
I01447,U0250,C015,quiz_passed,0.886,1.0,0.807,2025-12-30T12:00:00
I01448,U0162,C049,disliked,0.316,0.09,0.507,2025-12-30T14:00:00
I01449,U0033,C010,completed,0.477,1.0,,2025-12-30T16:00:00
I01450,U0080,C005,viewed,0.387,0.37,0.443,2025-12-30T18:00:00
I01451,U0029,C030,disliked,0.133,0.01,,2025-12-30T20:00:00
I01452,U0108,C049,quiz_passed,0.786,1.0,0.69,2025-12-30T22:00:00
I01453,U0102,C009,quiz_passed,0.784,1.0,0.633,2025-12-31T00:00:00
I01454,U0123,C005,completed,0.655,1.0,0.488,2025-12-31T02:00:00
I01455,U0065,C044,completed,0.701,1.0,0.495,2025-12-31T04:00:00
I01456,U0156,C048,viewed,0.353,0.45,,2025-12-31T06:00:00
I01457,U0168,C046,viewed,0.169,0.011,,2025-12-31T08:00:00
I01458,U0028,C025,completed,0.864,1.0,0.868,2025-12-31T10:00:00
I01459,U0223,C026,viewed,0.289,0.06,,2025-12-31T12:00:00
I01460,U0213,C006,completed,0.484,1.0,,2025-12-31T14:00:00
I01461,U0093,C010,viewed,0.221,0.023,,2025-12-31T16:00:00
I01462,U0101,C049,completed,0.49,1.0,,2025-12-31T18:00:00
I01463,U0141,C003,completed,0.526,1.0,,2025-12-31T20:00:00
I01464,U0008,C054,completed,0.827,1.0,0.778,2025-12-31T22:00:00
I01465,U0018,C053,quiz_passed,0.757,1.0,0.742,2026-01-01T00:00:00
I01466,U0075,C015,quiz_passed,0.811,1.0,0.771,2026-01-01T02:00:00
I01467,U0168,C030,completed,0.812,1.0,0.746,2026-01-01T04:00:00
I01468,U0159,C054,quiz_passed,0.791,1.0,0.67,2026-01-01T06:00:00
I01469,U0078,C046,completed,0.688,1.0,0.542,2026-01-01T08:00:00
I01470,U0247,C051,quiz_passed,0.861,1.0,0.728,2026-01-01T10:00:00
I01471,U0085,C044,viewed,0.273,0.1,,2026-01-01T12:00:00
I01472,U0106,C050,completed,0.461,1.0,,2026-01-01T14:00:00
I01473,U0029,C051,viewed,0.316,0.23,0.334,2026-01-01T16:00:00
I01474,U0083,C016,quiz_passed,0.829,1.0,0.767,2026-01-01T18:00:00
I01475,U0164,C010,completed,0.533,1.0,,2026-01-01T20:00:00
I01476,U0056,C051,completed,0.467,1.0,,2026-01-01T22:00:00
I01477,U0234,C010,completed,0.464,1.0,,2026-01-02T00:00:00
I01478,U0005,C011,viewed,0.155,0.1,,2026-01-02T02:00:00
I01479,U0087,C020,completed,0.687,1.0,0.559,2026-01-02T04:00:00
I01480,U0126,C013,quiz_passed,0.844,1.0,0.683,2026-01-02T06:00:00
I01481,U0063,C025,completed,0.551,1.0,,2026-01-02T08:00:00
I01482,U0176,C053,disliked,0.232,0.02,0.378,2026-01-02T10:00:00
I01483,U0053,C058,quiz_passed,0.844,1.0,0.773,2026-01-02T12:00:00
I01484,U0029,C010,completed,0.697,1.0,0.485,2026-01-02T14:00:00
I01485,U0241,C044,viewed,0.266,0.084,,2026-01-02T16:00:00
I01486,U0016,C033,completed,0.735,1.0,0.55,2026-01-02T18:00:00
I01487,U0013,C005,completed,0.486,1.0,,2026-01-02T20:00:00
I01488,U0086,C046,completed,0.653,1.0,0.454,2026-01-02T22:00:00
I01489,U0045,C056,quiz_passed,0.718,1.0,0.637,2026-01-03T00:00:00
I01490,U0106,C045,completed,0.773,1.0,0.563,2026-01-03T02:00:00
I01491,U0236,C049,viewed,0.586,0.65,0.394,2026-01-03T04:00:00
I01492,U0072,C045,completed,0.727,1.0,0.585,2026-01-03T06:00:00
I01493,U0083,C011,quiz_passed,0.857,1.0,0.755,2026-01-03T08:00:00
I01494,U0205,C045,completed,0.502,1.0,,2026-01-03T10:00:00
I01495,U0093,C026,completed,0.549,1.0,,2026-01-03T12:00:00
I01496,U0048,C004,viewed,0.268,0.41,,2026-01-03T14:00:00
I01497,U0129,C035,completed,0.778,1.0,0.565,2026-01-03T16:00:00
I01498,U0049,C010,quiz_passed,0.797,1.0,0.64,2026-01-03T18:00:00
I01499,U0136,C005,viewed,0.454,0.55,0.359,2026-01-03T20:00:00
I01500,U0183,C015,quiz_passed,0.907,1.0,0.85,2026-01-03T22:00:00
